"genes"	"modules"
"Sample"	"M2"
"ENSG00000244734.4"	"M5"
"ENSG00000188536.13"	"M5"
"ENSG00000206172.8"	"M5"
"ENSG00000163220.11"	"M1"
"ENSG00000185201.16"	"M1"
"ENSG00000105701.16"	"M5"
"ENSG00000162747.11"	"M1"
"ENSG00000198804.2"	"M7"
"ENSG00000198886.2"	"M7"
"ENSG00000171051.8"	"M1"
"ENSG00000107738.20"	"M1"
"ENSG00000180871.8"	"M1"
"ENSG00000151726.14"	"M1"
"ENSG00000163464.8"	"M1"
"ENSG00000173821.19"	"M2"
"ENSG00000163191.6"	"M1"
"ENSG00000169180.11"	"M1"
"ENSG00000234745.11"	"M7"
"ENSG00000084070.12"	"M1"
"ENSG00000137642.13"	"M1"
"ENSG00000157514.16"	"M1"
"ENSG00000158710.14"	"M9"
"ENSG00000198888.2"	"M7"
"ENSG00000103569.10"	"M1"
"ENSG00000114626.18"	"M1"
"ENSG00000105835.12"	"M1"
"ENSG00000112303.14"	"M1"
"ENSG00000198727.2"	"M7"
"ENSG00000008516.17"	"M1"
"ENSG00000119917.14"	"M2"
"ENSG00000124126.14"	"M1"
"ENSG00000142089.16"	"M2"
"ENSG00000119922.10"	"M2"
"ENSG00000198858.10"	"M1"
"ENSG00000132274.16"	"M2"
"ENSG00000164054.15"	"M2"
"ENSG00000113916.18"	"M1"
"ENSG00000198763.3"	"M7"
"ENSG00000013306.16"	"M5"
"ENSG00000143546.10"	"M1"
"ENSG00000203747.11"	"M1"
"ENSG00000198786.2"	"M7"
"ENSG00000183486.13"	"M2"
"ENSG00000116741.8"	"M1"
"ENSG00000211592.8"	"M3"
"ENSG00000018280.17"	"M1"
"ENSG00000177156.11"	"M1"
"ENSG00000198899.2"	"M7"
"ENSG00000185885.16"	"M2"
"ENSG00000173193.15"	"M2"
"ENSG00000111331.13"	"M2"
"ENSG00000115271.11"	"M1"
"ENSG00000204525.16"	"M1"
"ENSG00000198736.11"	"M1"
"ENSG00000157601.14"	"M2"
"ENSG00000137462.8"	"M1"
"ENSG00000197081.14"	"M1"
"ENSG00000155926.14"	"M1"
"ENSG00000111335.12"	"M2"
"ENSG00000158578.21"	"M5"
"ENSG00000211459.2"	"M9"
"ENSG00000159346.13"	"M5"
"ENSG00000132965.9"	"M1"
"ENSG00000134686.18"	"M1"
"ENSG00000206503.13"	"M1"
"ENSG00000274536.7"	"M1"
"ENSG00000135636.14"	"M1"
"ENSG00000141298.19"	"M1"
"ENSG00000170581.14"	"M2"
"ENSG00000152558.15"	"M2"
"ENSG00000135842.17"	"M1"
"ENSG00000154451.14"	"M2"
"ENSG00000184730.11"	"M1"
"ENSG00000136732.16"	"M5"
"ENSG00000100225.18"	"M5"
"ENSG00000126709.15"	"M2"
"ENSG00000138496.16"	"M2"
"ENSG00000089127.13"	"M2"
"ENSG00000124731.13"	"M1"
"ENSG00000176788.9"	"M1"
"ENSG00000072110.13"	"M1"
"ENSG00000136040.9"	"M1"
"ENSG00000187608.10"	"M2"
"ENSG00000120129.6"	"M1"
"ENSG00000185745.10"	"M2"
"ENSG00000162551.14"	"M1"
"ENSG00000171049.9"	"M1"
"ENSG00000130589.16"	"M2"
"ENSG00000157551.19"	"M1"
"ENSG00000166825.14"	"M1"
"ENSG00000113719.16"	"M1"
"ENSG00000170315.14"	"M5"
"ENSG00000181381.13"	"M2"
"ENSG00000134321.12"	"M2"
"ENSG00000177409.12"	"M2"
"ENSG00000106780.9"	"M1"
"ENSG00000156587.16"	"M2"
"ENSG00000142657.21"	"M1"
"ENSG00000178685.14"	"M2"
"ENSG00000197249.13"	"M1"
"ENSG00000196549.10"	"M1"
"ENSG00000173868.11"	"M1"
"ENSG00000137959.16"	"M2"
"ENSG00000100504.17"	"M1"
"ENSG00000163823.4"	"M2"
"ENSG00000136869.16"	"M1"
"ENSG00000167671.12"	"M5"
"ENSG00000146592.17"	"M1"
"ENSG00000115523.16"	"M6"
"ENSG00000198695.2"	"M7"
"ENSG00000182885.17"	"M1"
"ENSG00000179820.16"	"M1"
"ENSG00000105374.10"	"M6"
"ENSG00000101474.12"	"M1"
"ENSG00000197852.12"	"M1"
"ENSG00000113749.7"	"M1"
"ENSG00000096060.14"	"M1"
"ENSG00000136689.18"	"M2"
"ENSG00000117115.13"	"M1"
"ENSG00000186529.16"	"M1"
"ENSG00000196352.15"	"M1"
"ENSG00000101307.15"	"M1"
"ENSG00000146859.6"	"M2"
"ENSG00000055332.18"	"M2"
"ENSG00000077984.6"	"M1"
"ENSG00000168961.17"	"M2"
"ENSG00000221963.6"	"M2"
"ENSG00000117228.10"	"M2"
"ENSG00000135114.12"	"M2"
"ENSG00000163421.9"	"M1"
"ENSG00000117984.14"	"M7"
"ENSG00000131724.11"	"M1"
"ENSG00000059378.12"	"M2"
"ENSG00000196923.14"	"M1"
"ENSG00000137965.11"	"M2"
"ENSG00000060138.13"	"M5"
"ENSG00000062282.15"	"M1"
"ENSG00000166523.8"	"M1"
"ENSG00000180644.8"	"M6"
"ENSG00000171236.10"	"M1"
"ENSG00000158470.5"	"M1"
"ENSG00000196358.11"	"M2"
"ENSG00000151948.12"	"M1"
"ENSG00000133106.14"	"M2"
"ENSG00000138646.9"	"M2"
"ENSG00000205413.8"	"M2"
"ENSG00000158856.18"	"M5"
"ENSG00000102524.11"	"M2"
"ENSG00000115828.17"	"M1"
"ENSG00000261971.8"	"M1"
"ENSG00000128383.13"	"M2"
"ENSG00000148180.19"	"M1"
"ENSG00000186407.7"	"M1"
"ENSG00000158517.15"	"M1"
"ENSG00000107201.10"	"M2"
"ENSG00000124256.15"	"M2"
"ENSG00000158825.6"	"M1"
"ENSG00000130303.13"	"M2"
"ENSG00000188313.13"	"M2"
"ENSG00000141664.10"	"M2"
"ENSG00000188897.9"	"M1"
"MER4_22q12.3"	"M2"
"ENSG00000140464.20"	"M2"
"ENSG00000221869.5"	"M1"
"ENSG00000133048.13"	"M1"
"ENSG00000171552.13"	"M5"
"ENSG00000114268.12"	"M1"
"ENSG00000100985.7"	"M1"
"ENSG00000181409.14"	"M1"
"ENSG00000165801.10"	"M1"
"ENSG00000115607.9"	"M1"
"ENSG00000108582.12"	"M1"
"ENSG00000111859.17"	"M1"
"ENSG00000090376.11"	"M1"
"ENSG00000163221.9"	"M1"
"ENSG00000154146.13"	"M9"
"ENSG00000068079.7"	"M2"
"ENSG00000203710.11"	"M1"
"ENSG00000123700.4"	"M1"
"ENSG00000115590.14"	"M1"
"ENSG00000002549.12"	"M2"
"ENSG00000153563.15"	"M6"
"ENSG00000164104.12"	"M1"
"ENSG00000070614.15"	"M1"
"ENSG00000172543.8"	"M6"
"ENSG00000084110.11"	"M1"
"ENSG00000137628.17"	"M2"
"ENSG00000162654.9"	"M2"
"ENSG00000103196.12"	"M1"
"ENSG00000223609.11"	"M5"
"ENSG00000159840.16"	"M1"
"ENSG00000124098.10"	"M5"
"ENSG00000103194.15"	"M1"
"ENSG00000131355.15"	"M1"
"ENSG00000140932.10"	"M1"
"ENSG00000155363.18"	"M2"
"ENSG00000152778.9"	"M2"
"ENSG00000004939.15"	"M5"
"ENSG00000138449.10"	"M1"
"ENSG00000172322.14"	"M1"
"ENSG00000182871.16"	"M1"
"ENSG00000175274.18"	"M1"
"ENSG00000132530.17"	"M2"
"ENSG00000088827.12"	"M2"
"ENSG00000253729.7"	"M1"
"ENSG00000163625.15"	"M1"
"ENSG00000072952.18"	"M1"
"ENSG00000160932.11"	"M2"
"ENSG00000134326.11"	"M2"
"ENSG00000196126.11"	"M4"
"ENSG00000115267.8"	"M2"
"ENSG00000170525.21"	"M1"
"ENSG00000165030.4"	"M1"
"ENSG00000184557.4"	"M1"
"ENSG00000155744.9"	"M1"
"ENSG00000206341.7"	"M1"
"ENSG00000181444.13"	"M1"
"ENSG00000136026.14"	"M1"
"ENSG00000149131.15"	"M2"
"ENSG00000165178.9"	"M1"
"ENSG00000108771.13"	"M2"
"ENSG00000011198.10"	"M1"
"ENSG00000156738.17"	"M4"
"ENSG00000136816.16"	"M2"
"ENSG00000057704.13"	"M1"
"ENSG00000248527.1"	"M7"
"ENSG00000124491.15"	"M9"
"ENSG00000105369.9"	"M4"
"ENSG00000211677.2"	"M3"
"ENSG00000103148.16"	"M5"
"ENSG00000254415.3"	"M1"
"ENSG00000173597.9"	"M1"
"ENSG00000204577.11"	"M1"
"ENSG00000148926.10"	"M1"
"ENSG00000177575.12"	"M1"
"ENSG00000197965.12"	"M1"
"ENSG00000127946.17"	"M1"
"ENSG00000093134.14"	"M1"
"ENSG00000213741.10"	"M16"
"ENSG00000140443.15"	"M1"
"ENSG00000138772.13"	"M1"
"ENSG00000183762.12"	"M1"
"ENSG00000163993.7"	"M1"
"ENSG00000035664.11"	"M1"
"ENSG00000150681.10"	"M1"
"ENSG00000132465.11"	"M3"
"ENSG00000134539.17"	"M6"
"ENSG00000100450.13"	"M6"
"ENSG00000257335.8"	"M1"
"ENSG00000012223.13"	"M10"
"ENSG00000182487.12"	"M1"
"ENSG00000165029.16"	"M2"
"ENSG00000137393.9"	"M1"
"ENSG00000108679.13"	"M2"
"ENSG00000205336.12"	"M6"
"ENSG00000125691.13"	"M16"
"ENSG00000196083.10"	"M1"
"ENSG00000135083.15"	"M1"
"ENSG00000119950.21"	"M5"
"ENSG00000123610.5"	"M2"
"ENSG00000135929.9"	"M1"
"ENSG00000100453.13"	"M6"
"ENSG00000125148.7"	"M2"
"ENSG00000124102.5"	"M1"
"ENSG00000249790.3"	"M5"
"ENSG00000185507.21"	"M2"
"ENSG00000079385.22"	"M2"
"ENSG00000164308.16"	"M2"
"ENSG00000206177.7"	"M5"
"ENSG00000138642.14"	"M2"
"ENSG00000119669.5"	"M1"
"ENSG00000128594.8"	"M1"
"ENSG00000160179.18"	"M1"
"ENSG00000113140.11"	"M9"
"ENSG00000196116.8"	"M2"
"ENSG00000198734.11"	"M1"
"ENSG00000169891.18"	"M1"
"ENSG00000096063.16"	"M1"
"ENSG00000140044.13"	"M1"
"ENSG00000125505.17"	"M1"
"ENSG00000174885.12"	"M1"
"ENSG00000152926.15"	"M1"
"ENSG00000159399.9"	"M1"
"ENSG00000111052.7"	"M1"
"ENSG00000183508.5"	"M8"
"ENSG00000184678.10"	"M1"
"ENSG00000131401.11"	"M1"
"ENSG00000073737.16"	"M2"
"ENSG00000012124.17"	"M4"
"ENSG00000143416.21"	"M5"
"ENSG00000211899.10"	"M4"
"ENSG00000171860.5"	"M1"
"ENSG00000109466.14"	"M1"
"ENSG00000159674.12"	"M6"
"ENSG00000159339.13"	"M1"
"ENSG00000120885.22"	"M9"
"ENSG00000132256.19"	"M2"
"ENSG00000187554.14"	"M1"
"ENSG00000071082.11"	"M16"
"ENSG00000155307.18"	"M1"
"ENSG00000239998.6"	"M1"
"ENSG00000120306.11"	"M1"
"ENSG00000162722.9"	"M5"
"ENSG00000126860.11"	"M2"
"ENSG00000135378.4"	"M1"
"ENSG00000229807.12"	"M14"
"ENSG00000116729.14"	"M1"
"ENSG00000111666.11"	"M5"
"ENSG00000137441.8"	"M6"
"ENSG00000115604.10"	"M1"
"ENSG00000121552.4"	"M1"
"ENSG00000086065.14"	"M2"
"ENSG00000139890.10"	"M1"
"ENSG00000108984.15"	"M1"
"ENSG00000271503.6"	"M6"
"ENSG00000101162.3"	"M9"
"ENSG00000112299.8"	"M1"
"ENSG00000145335.15"	"M5"
"ENSG00000117226.12"	"M2"
"ENSG00000185950.9"	"M1"
"ENSG00000008438.5"	"M1"
"ENSG00000163736.4"	"M9"
"ENSG00000116991.10"	"M1"
"ENSG00000186205.13"	"M1"
"ENSG00000167676.4"	"M1"
"ENSG00000088992.18"	"M5"
"ENSG00000073861.3"	"M6"
"ENSG00000197540.8"	"M6"
"ENSG00000116299.17"	"M1"
"ENSG00000163803.13"	"M1"
"ENSG00000135916.16"	"M3"
"ENSG00000116663.11"	"M2"
"ENSG00000211679.2"	"M3"
"HERV3_7q33"	"M2"
"MER4B_12p13.31c"	"M1"
"ENSG00000017483.15"	"M5"
"MER34B_1q23.3b"	"M11"
"ENSG00000229644.6"	"M1"
"ENSG00000148346.12"	"M10"
"ENSG00000197208.6"	"M1"
"ENSG00000160856.21"	"M1"
"ENSG00000170837.3"	"M1"
"ENSG00000225101.6"	"M2"
"ENSG00000139679.15"	"M16"
"ENSG00000122643.21"	"M2"
"ENSG00000007312.12"	"M4"
"ENSG00000179094.16"	"M1"
"ENSG00000145649.8"	"M6"
"ENSG00000187775.16"	"M1"
"ENSG00000247982.6"	"M4"
"ENSG00000226752.9"	"M4"
"ENSG00000073150.14"	"M1"
"ENSG00000168062.10"	"M2"
"ENSG00000182512.5"	"M5"
"ENSG00000211598.2"	"M3"
"ENSG00000143891.17"	"M2"
"ENSG00000183019.7"	"M1"
"ENSG00000159496.14"	"M1"
"ENSG00000007264.15"	"M6"
"ENSG00000110203.9"	"M1"
"ENSG00000105205.7"	"M12"
"ENSG00000107566.14"	"M1"
"ENSG00000177191.2"	"M1"
"ENSG00000100376.12"	"M1"
"ENSG00000183625.15"	"M12"
"ENSG00000169385.3"	"M10"
"ENSG00000113303.12"	"M1"
"ENSG00000172116.23"	"M1"
"ENSG00000136514.3"	"M2"
"ENSG00000136840.19"	"M5"
"ENSG00000198363.18"	"M1"
"ENSG00000178726.6"	"M1"
"ENSG00000225630.1"	"M7"
"ENSG00000184613.10"	"M13"
"ENSG00000173801.17"	"M2"
"ENSG00000185909.15"	"M1"
"ENSG00000164047.6"	"M10"
"ENSG00000227671.4"	"M7"
"ENSG00000167483.18"	"M4"
"ENSG00000244879.8"	"M7"
"ENSG00000163235.16"	"M1"
"HERVH_2p14b"	"M1"
"ENSG00000082146.13"	"M5"
"ENSG00000157107.14"	"M1"
"ENSG00000134755.17"	"M1"
"ENSG00000137198.10"	"M5"
"ENSG00000164251.5"	"M1"
"ENSG00000142552.8"	"M1"
"ENSG00000211895.5"	"M3"
"ENSG00000004660.15"	"M1"
"ENSG00000172331.12"	"M5"
"ENSG00000204632.11"	"M1"
"ENSG00000181826.10"	"M1"
"ENSG00000163737.4"	"M9"
"ENSG00000138061.12"	"M1"
"ENSG00000139132.14"	"M1"
"ENSG00000136630.13"	"M1"
"ENSG00000281162.2"	"M1"
"ENSG00000049089.15"	"M1"
"ENSG00000244617.2"	"M1"
"ENSG00000128011.4"	"M1"
"ENSG00000211896.7"	"M3"
"ENSG00000120217.14"	"M2"
"ENSG00000108309.14"	"M5"
"ENSG00000071967.12"	"M1"
"ENSG00000188305.6"	"M1"
"ENSG00000213462.5"	"M1"
"ENSG00000004468.13"	"M8"
"ENSG00000165949.12"	"M2"
"ENSG00000163393.13"	"M1"
"ENSG00000115594.12"	"M1"
"ENSG00000127184.13"	"M16"
"ENSG00000079308.19"	"M5"
"ENSG00000225217.1"	"M11"
"ENSG00000167434.10"	"M1"
"ENSG00000198502.6"	"M4"
"ENSG00000180739.14"	"M6"
"ENSG00000105967.16"	"M7"
"ENSG00000109475.16"	"M16"
"ENSG00000181036.14"	"M6"
"ENSG00000137449.16"	"M1"
"ENSG00000197766.8"	"M1"
"ENSG00000151151.6"	"M1"
"ENSG00000123836.15"	"M1"
"ENSG00000198336.9"	"M5"
"ENSG00000140379.8"	"M1"
"ENSG00000183023.18"	"M1"
"ENSG00000145332.14"	"M1"
"ENSG00000183307.4"	"M1"
"ENSG00000153064.12"	"M4"
"ENSG00000110777.12"	"M3"
"ENSG00000225313.5"	"M1"
"ENSG00000211662.2"	"M3"
"ENSG00000244682.7"	"M11"
"ENSG00000124107.5"	"M1"
"ENSG00000106565.18"	"M1"
"ENSG00000087903.13"	"M1"
"ENSG00000124772.12"	"M3"
"ENSG00000196411.10"	"M1"
"ENSG00000133069.17"	"M5"
"ENSG00000215252.11"	"M1"
"ENSG00000163568.15"	"M2"
"ENSG00000214456.8"	"M1"
"ENSG00000180667.10"	"M1"
"ENSG00000170476.16"	"M3"
"ENSG00000089169.15"	"M2"
"ENSG00000143297.19"	"M4"
"ENSG00000145730.20"	"M1"
"HERVI_15q25.1"	"M1"
"ENSG00000119862.13"	"M1"
"ENSG00000233355.7"	"M13"
"ENSG00000005961.19"	"M9"
"ENSG00000165092.13"	"M8"
"HARLEQUIN_17q12"	"M7"
"ENSG00000134809.9"	"M2"
"ENSG00000168497.5"	"M9"
"ERV316A3_6p22.1n"	"M2"
"ENSG00000187837.3"	"M1"
"ENSG00000179344.16"	"M4"
"ENSG00000145685.14"	"M2"
"ENSG00000130487.9"	"M2"
"ENSG00000180953.11"	"M1"
"ENSG00000128512.22"	"M1"
"ENSG00000162881.6"	"M1"
"ENSG00000067840.12"	"M6"
"ENSG00000184792.16"	"M5"
"ENSG00000138035.15"	"M2"
"ENSG00000196141.14"	"M2"
"ENSG00000173890.17"	"M1"
"ENSG00000196735.12"	"M4"
"ENSG00000115155.17"	"M2"
"ENSG00000225873.4"	"M1"
"ENSG00000188157.15"	"M2"
"ENSG00000007516.13"	"M1"
"ENSG00000220008.3"	"M1"
"MER61_1q23.1c"	"M2"
"ENSG00000169877.10"	"M5"
"ENSG00000185697.16"	"M6"
"ENSG00000112053.14"	"M1"
"ENSG00000145428.14"	"M1"
"ENSG00000211673.2"	"M3"
"ERVLB4_16p13.3a"	"M1"
"ENSG00000161970.15"	"M16"
"ENSG00000122729.19"	"M2"
"ENSG00000167094.16"	"M6"
"ENSG00000162444.12"	"M1"
"ENSG00000244482.10"	"M1"
"ENSG00000006282.21"	"M2"
"ENSG00000229754.1"	"M2"
"ENSG00000240342.3"	"M1"
"ENSG00000196782.12"	"M1"
"ENSG00000109906.14"	"M1"
"ENSG00000100721.11"	"M4"
"ENSG00000163519.14"	"M1"
"ENSG00000176749.9"	"M1"
"ENSG00000163534.15"	"M4"
"ENSG00000155093.19"	"M1"
"ENSG00000105352.10"	"M1"
"ENSG00000166289.6"	"M6"
"ENSG00000166527.8"	"M1"
"ENSG00000166947.14"	"M5"
"ENSG00000083454.22"	"M4"
"ENSG00000175602.4"	"M1"
"ENSG00000010030.14"	"M2"
"ENSG00000010278.14"	"M9"
"ENSG00000227191.8"	"M6"
"ENSG00000173930.9"	"M1"
"ENSG00000029534.20"	"M5"
"ENSG00000211663.2"	"M3"
"MER34B_4q31.3"	"M11"
"ENSG00000101335.10"	"M9"
"ENSG00000189223.15"	"M11"
"ENSG00000161911.11"	"M9"
"ENSG00000209082.1"	"M9"
"ENSG00000130821.16"	"M5"
"ENSG00000142173.15"	"M2"
"ENSG00000159958.6"	"M4"
"ENSG00000120696.9"	"M1"
"ENSG00000166928.11"	"M1"
"ENSG00000101425.13"	"M10"
"ENSG00000111796.4"	"M2"
"ENSG00000162366.8"	"M5"
"ENSG00000170271.11"	"M5"
"ENSG00000118113.12"	"M10"
"ENSG00000133742.13"	"M5"
"ENSG00000135766.9"	"M1"
"ENSG00000111837.11"	"M1"
"ENSG00000134827.8"	"M10"
"ENSG00000268903.1"	"M1"
"ENSG00000139187.10"	"M6"
"ENSG00000004799.8"	"M1"
"ENSG00000178814.17"	"M1"
"ENSG00000211660.3"	"M3"
"ENSG00000078804.13"	"M1"
"ENSG00000247627.2"	"M1"
"ENSG00000106070.19"	"M1"
"ENSG00000086506.3"	"M5"
"ENSG00000213937.4"	"M1"
"ENSG00000069702.11"	"M6"
"ENSG00000150337.13"	"M2"
"ENSG00000246263.3"	"M11"
"ENSG00000214872.8"	"M2"
"HERVS71_19p13.3"	"M1"
"ENSG00000103056.12"	"M12"
"ENSG00000136999.5"	"M1"
"ENSG00000211829.9"	"M6"
"ENSG00000184979.10"	"M2"
"ENSG00000272669.1"	"M2"
"ENSG00000167768.4"	"M5"
"ENSG00000108244.16"	"M1"
"ENSG00000198216.12"	"M1"
"ENSG00000088826.18"	"M5"
"ENSG00000145491.12"	"M1"
"ENSG00000272556.2"	"M1"
"ENSG00000102145.14"	"M5"
"ENSG00000250616.2"	"M1"
"ENSG00000173825.7"	"M1"
"HERVH_3p21.31a"	"M1"
"ENSG00000177455.14"	"M4"
"ENSG00000211666.2"	"M3"
"ENSG00000185339.9"	"M2"
"ENSG00000282508.2"	"M1"
"ENSG00000104921.15"	"M4"
"ENSG00000168209.5"	"M1"
"ENSG00000132185.16"	"M4"
"ENSG00000137757.11"	"M1"
"ENSG00000261471.1"	"M1"
"ENSG00000196092.14"	"M4"
"ENSG00000070731.11"	"M1"
"ENSG00000171617.14"	"M1"
"ENSG00000140807.7"	"M2"
"ENSG00000260078.3"	"M1"
"ENSG00000169994.18"	"M1"
"HERVH_7q11.21"	"M1"
"ENSG00000139970.17"	"M8"
"ENSG00000197013.10"	"M1"
"ENSG00000239839.7"	"M10"
"ENSG00000131471.7"	"M1"
"ENSG00000008441.16"	"M5"
"ENSG00000160789.20"	"M9"
"ENSG00000158406.4"	"M2"
"ENSG00000105501.12"	"M1"
"ENSG00000171476.22"	"M6"
"ENSG00000169902.15"	"M1"
"HARLEQUIN_7q33a"	"M2"
"ENSG00000269981.1"	"M1"
"ENSG00000225963.8"	"M2"
"ENSG00000118520.15"	"M1"
"ENSG00000224152.1"	"M1"
"ENSG00000211659.2"	"M3"
"ENSG00000071246.11"	"M2"
"ENSG00000142303.14"	"M1"
"ENSG00000280832.1"	"M1"
"ENSG00000179639.10"	"M15"
"ENSG00000141096.6"	"M1"
"ENSG00000211668.2"	"M3"
"ENSG00000198019.13"	"M2"
"ENSG00000121716.20"	"M6"
"ENSG00000168026.18"	"M2"
"ENSG00000198574.6"	"M6"
"ENSG00000129295.9"	"M1"
"ENSG00000135047.15"	"M2"
"ENSG00000228340.6"	"M1"
"ENSG00000278195.2"	"M2"
"ENSG00000102780.16"	"M11"
"ENSG00000162367.11"	"M5"
"ENSG00000157734.14"	"M4"
"ENSG00000160781.17"	"M1"
"HERVP71A_6p22.1"	"M1"
"ENSG00000111087.10"	"M1"
"ENSG00000084731.15"	"M1"
"ENSG00000103154.9"	"M1"
"ENSG00000081913.14"	"M1"
"ENSG00000019169.10"	"M4"
"ENSG00000165702.14"	"M9"
"ENSG00000137101.12"	"M4"
"ENSG00000002933.9"	"M1"
"ENSG00000176083.17"	"M6"
"ENSG00000203999.9"	"M1"
"ENSG00000237973.1"	"M7"
"ENSG00000132514.13"	"M1"
"ENSG00000225964.6"	"M2"
"ENSG00000214688.6"	"M1"
"ENSG00000267174.5"	"M1"
"ENSG00000189283.10"	"M13"
"ENSG00000238160.1"	"M1"
"ENSG00000278828.1"	"M9"
"ENSG00000165185.14"	"M2"
"ENSG00000132704.16"	"M4"
"ENSG00000100079.7"	"M1"
"ENSG00000154589.7"	"M1"
"ENSG00000187037.8"	"M1"
"ENSG00000116667.14"	"M6"
"ENSG00000113088.6"	"M1"
"ENSG00000137876.10"	"M16"
"ENSG00000005381.8"	"M10"
"ENSG00000230257.4"	"M1"
"ENSG00000109956.13"	"M6"
"ENSG00000171596.7"	"M6"
"ENSG00000134824.14"	"M11"
"ENSG00000101460.13"	"M1"
"ENSG00000189190.10"	"M1"
"ENSG00000233429.9"	"M1"
"ENSG00000174944.9"	"M2"
"ENSG00000135519.8"	"M2"
"ENSG00000179299.17"	"M1"
"ERV316A3_12q24.13"	"M2"
"ENSG00000204936.10"	"M1"
"ENSG00000197903.7"	"M1"
"ENSG00000185338.5"	"M2"
"ENSG00000236304.1"	"M9"
"ENSG00000211689.7"	"M6"
"ENSG00000133317.14"	"M7"
"ENSG00000272398.6"	"M10"
"HERV4_4q22.1"	"M2"
"ENSG00000152766.6"	"M2"
"HERVH_19q13.31"	"M1"
"ENSG00000113504.21"	"M1"
"ENSG00000092067.5"	"M10"
"ENSG00000246082.2"	"M1"
"ENSG00000158373.8"	"M2"
"ENSG00000181016.9"	"M1"
"HERVE_19p13.2"	"M7"
"ENSG00000166428.13"	"M1"
"ENSG00000189337.17"	"M1"
"ENSG00000211640.4"	"M3"
"ENSG00000257017.9"	"M10"
"ENSG00000089692.9"	"M6"
"ENSG00000180509.12"	"M1"
"ENSG00000270972.1"	"M2"
"ENSG00000233695.2"	"M1"
"ENSG00000151715.8"	"M1"
"ENSG00000130396.20"	"M1"
"ENSG00000148773.14"	"M8"
"ENSG00000176597.12"	"M1"
"ENSG00000236901.6"	"M4"
"ENSG00000127920.6"	"M9"
"ENSG00000137261.14"	"M1"
"ENSG00000203804.4"	"M1"
"ENSG00000073464.12"	"M1"
"ENSG00000281106.4"	"M1"
"HML2_1q32.2"	"M1"
"ENSG00000233927.5"	"M1"
"ENSG00000078081.8"	"M2"
"ENSG00000170448.12"	"M1"
"ENSG00000076356.7"	"M1"
"ENSG00000104918.8"	"M10"
"ENSG00000169704.4"	"M9"
"ENSG00000150687.12"	"M6"
"ENSG00000179348.11"	"M15"
"ENSG00000188243.12"	"M16"
"ENSG00000237803.6"	"M1"
"ENSG00000270127.2"	"M1"
"ENSG00000092758.18"	"M1"
"ENSG00000130202.10"	"M5"
"ENSG00000118898.16"	"M1"
"ENSG00000269404.7"	"M4"
"ENSG00000095585.16"	"M4"
"ENSG00000161381.14"	"M2"
"ENSG00000153823.18"	"M8"
"ENSG00000110079.18"	"M2"
"ENSG00000138411.13"	"M1"
"MER34B_1q23.3a"	"M1"
"ENSG00000102837.7"	"M10"
"ENSG00000102010.15"	"M1"
"HML3_4q31.3"	"M11"
"ENSG00000073792.15"	"M5"
"ENSG00000285979.1"	"M11"
"ENSG00000229314.5"	"M1"
"ENSG00000256039.2"	"M1"
"ENSG00000169583.13"	"M6"
"ENSG00000172985.11"	"M1"
"ENSG00000198478.8"	"M9"
"ENSG00000150045.12"	"M6"
"ENSG00000137801.11"	"M1"
"ENSG00000211648.2"	"M3"
"ENSG00000124469.12"	"M10"
"ENSG00000173114.13"	"M13"
"HERVH48_7q22.1"	"M1"
"ENSG00000186827.11"	"M1"
"ENSG00000110848.8"	"M16"
"ENSG00000171848.15"	"M8"
"ENSG00000013573.17"	"M1"
"ENSG00000168229.4"	"M6"
"ENSG00000082781.12"	"M9"
"ENSG00000223825.5"	"M1"
"ENSG00000188158.15"	"M1"
"ENSG00000251301.7"	"M6"
"ENSG00000154165.5"	"M1"
"ENSG00000116717.13"	"M1"
"ENSG00000226091.7"	"M1"
"ENSG00000020577.13"	"M2"
"ENSG00000260592.1"	"M5"
"ENSG00000238243.3"	"M5"
"ENSG00000253616.5"	"M1"
"ENSG00000172215.6"	"M6"
"ENSG00000213366.13"	"M11"
"ENSG00000173372.17"	"M2"
"ENSG00000105610.5"	"M5"
"ENSG00000258227.7"	"M10"
"ENSG00000140287.11"	"M15"
"ENSG00000035720.8"	"M4"
"ENSG00000178075.20"	"M1"
"ENSG00000101057.16"	"M8"
"ENSG00000009694.13"	"M1"
"ENSG00000165115.15"	"M1"
"ERVLE_17p11.2c"	"M7"
"ENSG00000070182.21"	"M5"
"ENSG00000211597.2"	"M3"
"ENSG00000089505.17"	"M1"
"ENSG00000258819.2"	"M1"
"ENSG00000276168.1"	"M5"
"ENSG00000183134.5"	"M12"
"ENSG00000257285.6"	"M1"
"ENSG00000168824.14"	"M1"
"ENSG00000182809.10"	"M1"
"ENSG00000182010.11"	"M1"
"ENSG00000238005.4"	"M1"
"ENSG00000158089.15"	"M1"
"ENSG00000204010.3"	"M5"
"ENSG00000278196.3"	"M3"
"ENSG00000164105.4"	"M1"
"ENSG00000179044.16"	"M2"
"ENSG00000158481.13"	"M2"
"ENSG00000117560.8"	"M6"
"HML5_1q22"	"M1"
"ENSG00000196565.15"	"M5"
"ENSG00000279821.1"	"M1"
"ENSG00000169019.11"	"M16"
"ENSG00000144218.19"	"M4"
"ENSG00000062524.16"	"M2"
"ENSG00000169429.11"	"M2"
"ENSG00000168765.17"	"M11"
"ENSG00000260528.5"	"M1"
"ENSG00000255328.1"	"M2"
"ENSG00000156414.19"	"M1"
"ENSG00000245954.8"	"M1"
"ENSG00000134463.15"	"M1"
"ENSG00000210112.1"	"M9"
"ENSG00000256660.6"	"M1"
"ENSG00000284690.2"	"M1"
"ENSG00000215030.5"	"M1"
"ENSG00000176928.6"	"M7"
"ENSG00000205309.14"	"M5"
"ENSG00000131203.13"	"M2"
"ENSG00000116983.13"	"M1"
"ENSG00000234389.1"	"M1"
"ENSG00000211897.9"	"M3"
"ENSG00000096006.11"	"M10"
"ENSG00000211594.2"	"M3"
"ENSG00000166091.21"	"M9"
"ENSG00000279320.1"	"M2"
"MER101_16p12.2a"	"M7"
"ENSG00000242498.8"	"M8"
"ENSG00000159713.11"	"M1"
"ENSG00000172159.16"	"M2"
"ENSG00000164530.15"	"M1"
"ENSG00000049249.8"	"M1"
"ENSG00000211637.2"	"M3"
"ENSG00000180316.12"	"M1"
"MER4B_8q21.11"	"M1"
"ENSG00000117281.16"	"M6"
"ENSG00000210049.1"	"M9"
"HUERSP3_2p25.2"	"M2"
"ENSG00000149564.12"	"M9"
"ENSG00000260807.7"	"M13"
"ENSG00000167210.17"	"M1"
"ENSG00000213809.9"	"M6"
"ENSG00000189068.11"	"M1"
"ENSG00000273837.1"	"M1"
"ENSG00000197753.11"	"M1"
"ENSG00000211898.7"	"M4"
"ENSG00000158715.6"	"M15"
"ENSG00000285938.1"	"M11"
"ENSG00000107954.10"	"M17"
"ENSG00000060982.15"	"M1"
"ENSG00000135318.12"	"M4"
"ENSG00000198673.10"	"M1"
"ENSG00000169926.11"	"M1"
"ENSG00000136929.13"	"M5"
"ENSG00000213373.7"	"M1"
"ENSG00000146070.17"	"M1"
"ENSG00000268758.7"	"M12"
"ENSG00000181751.10"	"M1"
"ENSG00000284526.1"	"M1"
"ENSG00000248810.2"	"M3"
"ENSG00000167992.13"	"M5"
"ENSG00000211893.4"	"M3"
"ENSG00000108387.15"	"M2"
"HERVEA_5q22.2"	"M3"
"ENSG00000284194.2"	"M2"
"ENSG00000235169.8"	"M5"
"ENSG00000133687.16"	"M1"
"ENSG00000156381.9"	"M5"
"ENSG00000133216.16"	"M2"
"ENSG00000137460.8"	"M1"
"ENSG00000153130.17"	"M16"
"ENSG00000047634.15"	"M7"
"ENSG00000182557.8"	"M12"
"ENSG00000270231.4"	"M7"
"ENSG00000204020.5"	"M1"
"ENSG00000146122.17"	"M1"
"ENSG00000106624.11"	"M13"
"ENSG00000011028.14"	"M5"
"ENSG00000156475.18"	"M6"
"ENSG00000091181.19"	"M12"
"ENSG00000284882.1"	"M1"
"ENSG00000173369.16"	"M2"
"ENSG00000166341.8"	"M13"
"ENSG00000167874.7"	"M1"
"ENSG00000144677.15"	"M9"
"ENSG00000269086.3"	"M7"
"ENSG00000263069.6"	"M2"
"ENSG00000236345.1"	"M1"
"ENSG00000168268.11"	"M3"
"ENSG00000183779.7"	"M17"
"ENSG00000196526.10"	"M8"
"ENSG00000133063.16"	"M10"
"ENSG00000177685.17"	"M1"
"ENSG00000180767.10"	"M1"
"ENSG00000237094.12"	"M1"
"ENSG00000188282.12"	"M2"
"ENSG00000143365.19"	"M2"
"ENSG00000234506.5"	"M1"
"ENSG00000211789.2"	"M1"
"ENSG00000260943.1"	"M2"
"ENSG00000136842.14"	"M5"
"ENSG00000174171.6"	"M6"
"ENSG00000157168.20"	"M8"
"ENSG00000122025.14"	"M1"
"ENSG00000105948.13"	"M1"
"ENSG00000116962.15"	"M1"
"ENSG00000237781.3"	"M1"
"ENSG00000173210.19"	"M9"
"ENSG00000165905.18"	"M4"
"ERVLE_5q31.1c"	"M1"
"ENSG00000065534.18"	"M9"
"ENSG00000179909.15"	"M4"
"ENSG00000088726.16"	"M9"
"ENSG00000254789.3"	"M1"
"ENSG00000169397.3"	"M10"
"ENSG00000157827.20"	"M2"
"ENSG00000095932.7"	"M5"
"ENSG00000075223.14"	"M1"
"ENSG00000186431.19"	"M1"
"ENSG00000245648.2"	"M6"
"ENSG00000256751.6"	"M1"
"ENSG00000167705.12"	"M5"
"ENSG00000160318.6"	"M6"
"ENSG00000188290.10"	"M2"
"ENSG00000287255.1"	"M1"
"ENSG00000100228.12"	"M1"
"ENSG00000161905.12"	"M12"
"ENSG00000149294.16"	"M6"
"ENSG00000047597.7"	"M5"
"ENSG00000164120.14"	"M1"
"ENSG00000106714.17"	"M1"
"HERVH_22q11.1"	"M9"
"ENSG00000138738.10"	"M1"
"ENSG00000143502.15"	"M1"
"ENSG00000250608.2"	"M1"
"ENSG00000225138.8"	"M1"
"ENSG00000261218.5"	"M1"
"ENSG00000198959.12"	"M5"
"ENSG00000117010.17"	"M2"
"ENSG00000182534.13"	"M6"
"ENSG00000179862.7"	"M10"
"ENSG00000185261.14"	"M1"
"ENSG00000144645.14"	"M4"
"ENSG00000116016.14"	"M1"
"ENSG00000286288.1"	"M1"
"ENSG00000225886.3"	"M2"
"ENSG00000140092.14"	"M1"
"ENSG00000231233.1"	"M2"
"ENSG00000188056.12"	"M1"
"ENSG00000175003.15"	"M1"
"ENSG00000211890.4"	"M3"
"ENSG00000147669.11"	"M16"
"ENSG00000284930.1"	"M1"
"ENSG00000162614.18"	"M2"
"ENSG00000184106.8"	"M1"
"ENSG00000171611.9"	"M9"
"ENSG00000287737.1"	"M1"
"ENSG00000197077.13"	"M6"
"ENSG00000128266.9"	"M9"
"ENSG00000213085.10"	"M1"
"ENSG00000113721.14"	"M6"
"ENSG00000268555.2"	"M5"
"ENSG00000128218.8"	"M4"
"ENSG00000133067.17"	"M6"
"HERVE_20p11.21b"	"M1"
"ENSG00000211678.2"	"M3"
"ENSG00000197121.15"	"M7"
"ENSG00000168528.12"	"M1"
"ENSG00000167900.12"	"M8"
"ENSG00000223935.3"	"M1"
"ENSG00000277203.1"	"M7"
"ENSG00000160191.18"	"M2"
"ENSG00000272668.2"	"M11"
"ENSG00000175643.10"	"M2"
"ENSG00000141837.20"	"M2"
"HERVH_1q24.2"	"M1"
"ENSG00000211669.3"	"M3"
"ENSG00000131747.15"	"M8"
"ENSG00000086548.9"	"M10"
"ENSG00000250334.6"	"M9"
"ENSG00000124635.8"	"M9"
"ENSG00000100024.15"	"M1"
"ENSG00000198848.12"	"M2"
"ENSG00000106537.8"	"M4"
"ENSG00000117322.17"	"M4"
"ENSG00000203814.6"	"M2"
"ENSG00000139618.15"	"M2"
"ENSG00000142583.18"	"M10"
"ENSG00000111058.8"	"M1"
"ENSG00000181800.6"	"M11"
"ENSG00000138829.12"	"M1"
"HERVH_3q13.2"	"M4"
"HERV4_12p11.21"	"M1"
"ENSG00000165548.11"	"M1"
"ENSG00000101188.5"	"M2"
"ENSG00000286256.2"	"M1"
"ENSG00000164611.13"	"M8"
"ENSG00000233369.7"	"M1"
"ENSG00000112139.16"	"M1"
"ENSG00000141753.7"	"M1"
"ENSG00000161040.16"	"M1"
"ENSG00000103355.13"	"M12"
"ENSG00000171101.13"	"M2"
"ENSG00000243753.5"	"M1"
"ENSG00000181404.17"	"M1"
"ENSG00000235532.1"	"M1"
"ERVLB4_12p13.31e"	"M1"
"ENSG00000105048.17"	"M1"
"ENSG00000187017.17"	"M5"
"ENSG00000170962.13"	"M6"
"ENSG00000155659.15"	"M1"
"ENSG00000119636.16"	"M5"
"ENSG00000144354.14"	"M8"
"ENSG00000267365.1"	"M1"
"ENSG00000130300.9"	"M5"
"ENSG00000162772.17"	"M2"
"ENSG00000132122.12"	"M1"
"ENSG00000211799.3"	"M1"
"ENSG00000273179.1"	"M6"
"ENSG00000211694.2"	"M1"
"ENSG00000136573.14"	"M4"
"ENSG00000254614.2"	"M9"
"ENSG00000260910.1"	"M1"
"ENSG00000205639.11"	"M5"
"MER101_2p25.2"	"M2"
"ENSG00000232434.2"	"M6"
"ENSG00000168916.15"	"M1"
"ENSG00000082438.17"	"M4"
"ENSG00000167600.14"	"M1"
"ENSG00000163584.18"	"M16"
"ENSG00000139572.4"	"M10"
"ENSG00000173482.16"	"M1"
"ENSG00000100448.4"	"M10"
"ENSG00000007350.17"	"M2"
"ENSG00000072195.15"	"M13"
"ENSG00000157445.15"	"M8"
"ENSG00000107317.13"	"M6"
"ENSG00000282608.1"	"M1"
"ENSG00000038945.15"	"M12"
"ENSG00000075275.16"	"M4"
"ENSG00000256667.6"	"M6"
"ENSG00000080573.7"	"M1"
"ENSG00000284977.2"	"M1"
"ENSG00000076864.19"	"M5"
"ENSG00000211676.2"	"M3"
"ENSG00000011105.14"	"M9"
"ENSG00000175928.6"	"M1"
"ENSG00000111961.18"	"M8"
"ENSG00000198892.6"	"M16"
"ENSG00000154027.19"	"M13"
"ENSG00000122952.17"	"M8"
"ENSG00000139044.12"	"M11"
"ENSG00000163751.4"	"M15"
"ENSG00000186204.15"	"M1"
"ENSG00000231412.2"	"M1"
"ENSG00000257878.1"	"M1"
"ENSG00000205890.3"	"M1"
"ENSG00000172172.8"	"M16"
"ENSG00000005249.13"	"M9"
"ENSG00000163958.14"	"M1"
"ENSG00000110799.13"	"M9"
"ENSG00000211792.2"	"M1"
"ENSG00000108370.17"	"M6"
"ENSG00000162069.16"	"M1"
"ENSG00000231752.6"	"M1"
"ENSG00000259207.7"	"M9"
"ENSG00000037280.16"	"M2"
"ENSG00000145386.10"	"M8"
"ENSG00000134057.15"	"M8"
"ENSG00000211670.2"	"M3"
"ENSG00000255801.1"	"M1"
"ENSG00000170486.11"	"M2"
"ENSG00000100558.9"	"M5"
"ENSG00000279447.1"	"M1"
"ENSG00000121236.21"	"M2"
"ENSG00000188483.8"	"M2"
"ENSG00000168081.9"	"M4"
"ENSG00000251230.6"	"M1"
"ENSG00000223969.6"	"M1"
"ENSG00000143847.15"	"M10"
"ENSG00000211810.3"	"M1"
"ENSG00000170456.16"	"M3"
"ENSG00000011590.14"	"M3"
"ENSG00000120278.16"	"M4"
"ENSG00000144130.11"	"M1"
"ENSG00000251442.6"	"M1"
"ENSG00000165626.17"	"M1"
"ENSG00000272282.1"	"M6"
"ENSG00000019102.12"	"M9"
"ENSG00000156886.12"	"M1"
"ENSG00000210077.1"	"M9"
"ENSG00000169679.15"	"M8"
"ENSG00000260467.1"	"M1"
"ENSG00000198794.12"	"M1"
"ENSG00000233392.5"	"M17"
"ENSG00000100298.15"	"M6"
"ENSG00000189233.12"	"M6"
"ENSG00000187800.13"	"M9"
"ENSG00000211638.2"	"M3"
"ERVLE_5q31.1b"	"M1"
"ENSG00000197057.9"	"M6"
"ENSG00000248712.7"	"M1"
"ENSG00000117834.12"	"M1"
"ENSG00000214279.13"	"M1"
"ENSG00000258476.6"	"M1"
"ENSG00000121089.4"	"M2"
"ENSG00000123358.20"	"M17"
"ENSG00000171659.15"	"M8"
"ENSG00000184611.12"	"M1"
"ENSG00000267554.1"	"M7"
"ENSG00000184005.11"	"M1"
"ENSG00000240505.8"	"M3"
"ENSG00000171992.13"	"M4"
"ENSG00000181778.4"	"M1"
"ENSG00000185630.18"	"M5"
"ENSG00000255221.3"	"M2"
"ENSG00000123219.13"	"M1"
"ENSG00000130702.15"	"M4"
"ENSG00000188820.13"	"M6"
"ENSG00000130167.13"	"M1"
"ENSG00000158186.13"	"M17"
"ENSG00000121454.6"	"M11"
"ENSG00000274750.2"	"M1"
"ENSG00000274602.5"	"M8"
"ENSG00000134531.10"	"M2"
"ENSG00000170074.19"	"M1"
"ENSG00000211649.3"	"M3"
"ENSG00000048462.11"	"M3"
"ENSG00000282988.2"	"M2"
"ENSG00000246548.3"	"M1"
"ENSG00000128283.7"	"M1"
"ENSG00000182389.19"	"M1"
"ENSG00000218809.1"	"M1"
"ENSG00000276550.4"	"M8"
"ENSG00000104892.17"	"M5"
"ENSG00000137267.6"	"M5"
"ENSG00000092621.12"	"M8"
"ENSG00000123689.6"	"M2"
"ENSG00000174807.4"	"M13"
"ENSG00000169116.11"	"M3"
"ENSG00000249662.6"	"M1"
"ENSG00000243466.1"	"M3"
"ENSG00000137094.14"	"M2"
"ENSG00000270120.1"	"M11"
"ENSG00000172889.16"	"M9"
"ENSG00000115507.10"	"M1"
"ENSG00000187474.5"	"M1"
"ENSG00000211695.2"	"M6"
"ENSG00000169245.6"	"M2"
"ENSG00000205517.12"	"M1"
"ENSG00000088325.16"	"M8"
"ENSG00000179750.16"	"M8"
"ENSG00000228382.1"	"M1"
"ENSG00000160224.17"	"M1"
"ENSG00000160307.10"	"M1"
"ENSG00000243449.6"	"M1"
"ENSG00000167034.10"	"M1"
"ENSG00000272666.1"	"M2"
"ENSG00000249437.7"	"M1"
"ENSG00000106772.18"	"M1"
"ENSG00000179869.15"	"M10"
"ENSG00000260361.1"	"M1"
"LTR25_2p13.3"	"M9"
"HERV4_20q13.33b"	"M1"
"HERVH_12q13.2b"	"M1"
"ENSG00000146674.15"	"M1"
"ENSG00000278864.1"	"M7"
"ENSG00000198918.8"	"M16"
"ENSG00000274173.1"	"M1"
"ENSG00000147234.10"	"M6"
"ENSG00000187862.12"	"M1"
"ENSG00000279500.1"	"M11"
"ENSG00000187621.14"	"M4"
"ENSG00000105366.15"	"M12"
"ENSG00000100181.22"	"M9"
"HERVH_16p13.2e"	"M1"
"ENSG00000184113.9"	"M9"
"ENSG00000091972.18"	"M4"
"ENSG00000230615.7"	"M5"
"ENSG00000264204.2"	"M8"
"ENSG00000110492.15"	"M2"
"ENSG00000159556.10"	"M1"
"ENSG00000198468.9"	"M1"
"ERV316A3_3q27.3e"	"M2"
"ENSG00000242616.4"	"M1"
"ENSG00000211595.2"	"M3"
"ENSG00000134709.11"	"M7"
"ENSG00000238241.2"	"M13"
"ENSG00000262312.2"	"M7"
"ENSG00000139899.11"	"M4"
"ENSG00000157985.19"	"M6"
"ENSG00000179593.16"	"M1"
"ENSG00000211593.2"	"M3"
"ENSG00000122642.11"	"M1"
"ENSG00000141622.14"	"M6"
"ENSG00000277511.1"	"M2"
"ENSG00000283646.2"	"M10"
"ENSG00000171241.9"	"M8"
"ENSG00000167123.19"	"M6"
"ENSG00000183691.5"	"M13"
"ENSG00000172426.16"	"M2"
"ENSG00000269956.2"	"M1"
"ENSG00000074803.19"	"M1"
"ENSG00000124225.16"	"M4"
"ENSG00000273136.7"	"M4"
"ENSG00000213903.9"	"M1"
"ENSG00000175518.7"	"M2"
"ENSG00000256553.1"	"M1"
"ENSG00000087258.15"	"M6"
"ENSG00000205837.7"	"M2"
"ENSG00000140479.17"	"M9"
"ENSG00000133055.9"	"M1"
"ENSG00000196586.16"	"M6"
"ENSG00000178860.8"	"M6"
"ENSG00000232528.3"	"M1"
"LTR23_9q22.33a"	"M7"
"ENSG00000197705.10"	"M4"
"ENSG00000177425.11"	"M4"
"ENSG00000251393.4"	"M1"
"HERVFC1_7q11.21"	"M7"
"ENSG00000232973.13"	"M1"
"MER4_12q12a"	"M2"
"ENSG00000111728.10"	"M1"
"ENSG00000197165.11"	"M4"
"ENSG00000125730.17"	"M4"
"ENSG00000270210.1"	"M1"
"ENSG00000149534.9"	"M15"
"HARLEQUIN_5q14.2"	"M2"
"ENSG00000266088.6"	"M1"
"ENSG00000196872.12"	"M1"
"ENSG00000226210.3"	"M11"
"ENSG00000171680.22"	"M1"
"ENSG00000269737.2"	"M7"
"ENSG00000166165.13"	"M17"
"ENSG00000164849.10"	"M5"
"ENSG00000183160.9"	"M1"
"ENSG00000278090.3"	"M1"
"ENSG00000274290.2"	"M2"
"HML4_17q21.31"	"M1"
"ENSG00000146670.10"	"M8"
"ENSG00000154330.13"	"M1"
"ENSG00000229391.7"	"M11"
"ENSG00000281183.1"	"M11"
"ENSG00000223722.3"	"M1"
"ENSG00000166546.14"	"M1"
"ENSG00000130595.19"	"M2"
"ENSG00000128438.10"	"M3"
"ENSG00000158747.14"	"M1"
"ENSG00000166793.12"	"M5"
"ENSG00000135862.6"	"M4"
"ENSG00000134489.7"	"M12"
"ENSG00000003249.13"	"M2"
"ENSG00000112655.16"	"M1"
"ENSG00000089685.15"	"M8"
"ENSG00000158292.7"	"M6"
"ENSG00000177324.14"	"M9"
"ENSG00000180626.10"	"M7"
"ENSG00000223350.2"	"M3"
"ENSG00000211642.3"	"M3"
"ENSG00000233214.1"	"M1"
"ENSG00000158286.13"	"M1"
"ENSG00000221866.9"	"M13"
"ENSG00000276644.5"	"M1"
"ENSG00000286786.1"	"M7"
"ENSG00000143595.13"	"M9"
"ENSG00000163629.13"	"M2"
"ENSG00000000971.15"	"M2"
"ENSG00000164850.15"	"M1"
"ENSG00000133800.9"	"M1"
"ENSG00000135960.10"	"M13"
"ENSG00000108950.12"	"M1"
"ENSG00000132470.14"	"M1"
"ENSG00000287644.1"	"M1"
"ENSG00000250155.2"	"M4"
"ERVLE_13q22.1b"	"M7"
"ENSG00000120738.8"	"M4"
"ENSG00000167513.9"	"M8"
"ENSG00000268170.2"	"M1"
"HARLEQUIN_17q25.3a"	"M2"
"ENSG00000273272.2"	"M2"
"ENSG00000112782.18"	"M2"
"ENSG00000189127.8"	"M1"
"ENSG00000094804.12"	"M8"
"ENSG00000186193.9"	"M8"
"ENSG00000253328.2"	"M11"
"HML5_12p13.31"	"M1"
"ENSG00000254709.8"	"M3"
"ENSG00000267102.1"	"M2"
"ENSG00000196169.15"	"M6"
"ENSG00000197632.9"	"M10"
"ENSG00000111261.14"	"M1"
"ENSG00000183347.14"	"M2"
"ENSG00000184226.15"	"M4"
"ENSG00000145088.9"	"M16"
"ENSG00000004809.14"	"M2"
"ENSG00000242550.6"	"M10"
"ENSG00000205056.8"	"M4"
"ENSG00000287201.1"	"M1"
"ENSG00000243836.5"	"M1"
"ENSG00000232022.7"	"M2"
"ENSG00000211698.2"	"M6"
"ENSG00000228278.4"	"M1"
"ENSG00000173391.9"	"M10"
"ENSG00000259668.6"	"M11"
"ENSG00000142945.13"	"M8"
"ENSG00000182732.18"	"M5"
"ENSG00000233013.10"	"M1"
"ENSG00000280670.3"	"M2"
"ENSG00000198178.10"	"M1"
"ENSG00000211804.3"	"M1"
"ENSG00000121152.10"	"M8"
"ENSG00000162383.12"	"M6"
"ENSG00000129354.11"	"M1"
"ENSG00000165617.14"	"M6"
"ENSG00000211803.2"	"M1"
"ENSG00000180155.20"	"M17"
"ENSG00000197880.8"	"M13"
"ENSG00000267288.2"	"M2"
"ENSG00000205038.12"	"M3"
"ENSG00000135925.9"	"M1"
"ENSG00000258926.2"	"M7"
"ENSG00000239830.1"	"M3"
"ENSG00000087116.16"	"M1"
"ENSG00000243064.8"	"M5"
"PRIMA4_14q22.1"	"M6"
"ENSG00000286330.1"	"M1"
"ENSG00000134668.12"	"M9"
"ENSG00000232021.7"	"M13"
"ENSG00000213058.3"	"M12"
"ENSG00000131969.15"	"M1"
"ENSG00000287736.1"	"M11"
"ENSG00000235576.1"	"M6"
"ENSG00000239264.9"	"M3"
"ENSG00000253451.1"	"M3"
"ENSG00000272977.1"	"M3"
"ENSG00000257743.8"	"M1"
"ENSG00000234484.1"	"M1"
"ENSG00000228318.3"	"M2"
"ENSG00000159189.12"	"M2"
"ENSG00000104951.16"	"M1"
"ENSG00000100505.13"	"M1"
"ENSG00000204789.4"	"M7"
"ENSG00000135476.11"	"M8"
"ENSG00000250361.8"	"M5"
"ENSG00000164181.14"	"M9"
"ENSG00000283633.1"	"M9"
"ENSG00000069188.17"	"M4"
"ENSG00000249992.2"	"M5"
"ENSG00000211658.2"	"M3"
"ENSG00000233030.2"	"M2"
"ENSG00000157456.8"	"M8"
"ENSG00000123838.11"	"M1"
"ENSG00000112182.15"	"M4"
"ENSG00000197256.10"	"M5"
"ENSG00000173585.16"	"M1"
"ENSG00000134202.11"	"M1"
"ENSG00000169715.15"	"M8"
"ENSG00000229515.1"	"M1"
"ENSG00000256862.3"	"M1"
"ENSG00000233306.2"	"M6"
"ENSG00000134545.13"	"M6"
"ENSG00000230426.4"	"M5"
"ENSG00000233913.7"	"M1"
"ENSG00000283525.1"	"M1"
"ENSG00000211790.2"	"M1"
"ENSG00000215196.5"	"M1"
"ENSG00000123453.18"	"M1"
"HUERSP3_11p15.1"	"M7"
"ENSG00000277586.2"	"M2"
"ENSG00000105499.14"	"M1"
"ENSG00000166402.8"	"M7"
"ENSG00000151491.14"	"M17"
"ENSG00000149554.13"	"M8"
"ENSG00000005102.13"	"M1"
"ENSG00000163735.7"	"M9"
"ENSG00000211664.3"	"M3"
"ENSG00000211639.2"	"M3"
"ENSG00000127564.17"	"M8"
"ENSG00000167680.16"	"M1"
"ENSG00000225756.1"	"M1"
"ENSG00000118785.14"	"M1"
"ENSG00000072422.17"	"M9"
"ENSG00000154188.10"	"M1"
"ENSG00000129538.14"	"M2"
"ERVLE_8q24.22b"	"M1"
"ENSG00000131153.9"	"M8"
"ENSG00000131016.17"	"M15"
"ENSG00000049323.16"	"M9"
"ENSG00000211782.2"	"M1"
"ENSG00000262152.7"	"M1"
"ENSG00000286159.1"	"M1"
"ENSG00000099866.15"	"M1"
"HML3_5p15.33d"	"M7"
"ENSG00000230006.7"	"M1"
"ENSG00000172264.17"	"M4"
"ENSG00000100373.10"	"M1"
"ENSG00000211817.2"	"M1"
"ENSG00000232680.2"	"M1"
"ENSG00000232254.1"	"M1"
"ENSG00000151023.17"	"M9"
"ENSG00000160683.5"	"M4"
"ENSG00000137812.19"	"M8"
"ENSG00000185052.12"	"M1"
"ENSG00000112394.17"	"M13"
"ENSG00000265982.1"	"M1"
"ENSG00000105492.16"	"M4"
"ENSG00000130558.19"	"M1"
"ENSG00000287586.1"	"M8"
"ENSG00000225402.1"	"M1"
"HERVL_Xq22.3b"	"M7"
"ENSG00000164821.5"	"M10"
"ENSG00000224940.8"	"M10"
"ENSG00000075218.19"	"M8"
"ENSG00000131686.15"	"M13"
"ENSG00000176890.16"	"M8"
"ENSG00000163083.6"	"M1"
"ENSG00000187010.21"	"M1"
"ENSG00000171798.18"	"M8"
"HERVH_12p11.22a"	"M1"
"ENSG00000279296.1"	"M2"
"HERVH_3p21.31e"	"M2"
"ENSG00000102755.12"	"M1"
"ENSG00000123485.12"	"M8"
"ENSG00000211800.3"	"M1"
"ENSG00000145555.15"	"M1"
"ENSG00000109805.10"	"M8"
"ENSG00000149328.14"	"M6"
"ENSG00000286010.1"	"M6"
"ENSG00000277224.2"	"M2"
"ENSG00000224177.7"	"M5"
"ENSG00000241860.7"	"M1"
"ENSG00000197582.5"	"M5"
"ENSG00000109272.4"	"M9"
"ENSG00000211820.1"	"M1"
"ENSG00000170312.16"	"M8"
"ENSG00000205786.8"	"M1"
"ENSG00000164330.17"	"M4"
"ENSG00000169313.9"	"M1"
"ENSG00000182253.15"	"M6"
"ENSG00000079215.14"	"M1"
"ENSG00000267547.1"	"M2"
"ERV316A3_6p25.1d"	"M1"
"ENSG00000213638.6"	"M1"
"ENSG00000157404.15"	"M1"
"ENSG00000133424.20"	"M4"
"ENSG00000188001.10"	"M6"
"ENSG00000287958.1"	"M6"
"ENSG00000117399.14"	"M8"
"ENSG00000171631.14"	"M1"
"ENSG00000274213.1"	"M1"
"ENSG00000110237.5"	"M1"
"ENSG00000225492.6"	"M2"
"HERVL18_3p21.31b"	"M10"
"ENSG00000197646.8"	"M2"
"ENSG00000235621.9"	"M4"
"ENSG00000236525.1"	"M1"
"ENSG00000168874.13"	"M8"
"ENSG00000129422.14"	"M1"
"ENSG00000176720.6"	"M2"
"ENSG00000100116.16"	"M5"
"ENSG00000217275.2"	"M2"
"ENSG00000211699.2"	"M6"
"ENSG00000154734.15"	"M6"
"ENSG00000105507.3"	"M9"
"ENSG00000171954.13"	"M17"
"ENSG00000143452.16"	"M1"
"ENSG00000142156.14"	"M2"
"ENSG00000167994.13"	"M5"
"ENSG00000287725.1"	"M2"
"ENSG00000273824.1"	"M6"
"ENSG00000169439.12"	"M8"
"ENSG00000065618.21"	"M10"
"ENSG00000102109.9"	"M5"
"ENSG00000031691.7"	"M16"
"ENSG00000070526.15"	"M1"
"ENSG00000079393.20"	"M1"
"ENSG00000143185.4"	"M6"
"ENSG00000142408.4"	"M12"
"ENSG00000051180.17"	"M8"
"ENSG00000066279.18"	"M8"
"ENSG00000143476.18"	"M8"
"ENSG00000267731.1"	"M7"
"HERVH_6q23.1"	"M7"
"ENSG00000205927.5"	"M12"
"ENSG00000121933.19"	"M1"
"ENSG00000090104.12"	"M1"
"ENSG00000228203.7"	"M2"
"HML6_14q24.2"	"M1"
"ENSG00000225611.1"	"M2"
"ENSG00000138778.12"	"M8"
"HERVH_19q13.42b"	"M1"
"ENSG00000136014.12"	"M13"
"ENSG00000100162.15"	"M8"
"ENSG00000250771.2"	"M1"
"MER41_7q22.3a"	"M1"
"ENSG00000211696.2"	"M6"
"ENSG00000138798.13"	"M9"
"HERVH_17q25.1a"	"M1"
"ENSG00000232573.1"	"M1"
"ENSG00000126787.13"	"M8"
"HERVL_5q12.3"	"M1"
"HERVE_12p13.31a"	"M1"
"LTR25_4q34.1a"	"M12"
"ENSG00000240583.12"	"M5"
"ENSG00000159640.16"	"M1"
"ENSG00000155966.14"	"M10"
"ENSG00000183092.16"	"M8"
"ENSG00000261211.1"	"M2"
"ENSG00000092068.20"	"M8"
"ENSG00000144290.17"	"M2"
"ENSG00000222112.1"	"M1"
"ENSG00000285535.2"	"M1"
"ERVLE_1q21.2b"	"M1"
"ENSG00000168903.9"	"M3"
"ENSG00000233093.6"	"M1"
"ENSG00000144115.16"	"M8"
"ENSG00000205846.4"	"M2"
"ENSG00000188211.9"	"M7"
"ENSG00000275491.1"	"M1"
"ENSG00000197670.6"	"M11"
"ENSG00000211814.1"	"M1"
"ENSG00000085733.16"	"M9"
"HERVE_11q13.4c"	"M12"
"ENSG00000259205.2"	"M7"
"ENSG00000114315.4"	"M1"
"ENSG00000093009.10"	"M8"
"ENSG00000272211.1"	"M11"
"ENSG00000151012.13"	"M1"
"ENSG00000138180.16"	"M8"
"ENSG00000186235.11"	"M8"
"ENSG00000179388.9"	"M2"
"ENSG00000250182.3"	"M1"
"ENSG00000198829.6"	"M10"
"ENSG00000188487.11"	"M1"
"ENSG00000138722.10"	"M9"
"ENSG00000149516.14"	"M10"
"ENSG00000249502.3"	"M2"
"ENSG00000211812.1"	"M1"
"ENSG00000232334.1"	"M1"
"ENSG00000174705.13"	"M1"
"ERVLB4_17q25.3b"	"M7"
"ENSG00000189057.11"	"M8"
"ENSG00000163635.18"	"M11"
"ENSG00000237169.1"	"M1"
"ENSG00000180769.10"	"M1"
"ENSG00000123095.6"	"M3"
"ENSG00000099282.10"	"M2"
"ENSG00000171766.16"	"M4"
"ENSG00000265531.3"	"M2"
"ENSG00000151952.16"	"M1"
"ENSG00000225422.4"	"M11"
"ENSG00000125869.10"	"M1"
"ENSG00000125726.11"	"M8"
"ENSG00000158445.10"	"M1"
"ENSG00000211805.1"	"M1"
"ENSG00000256581.1"	"M1"
"ENSG00000185198.11"	"M10"
"ENSG00000261172.1"	"M1"
"ENSG00000255569.1"	"M1"
"ENSG00000185897.7"	"M2"
"ENSG00000259182.5"	"M1"
"PABLA_19p12b"	"M7"
"ENSG00000088881.20"	"M2"
"ENSG00000232656.8"	"M7"
"ENSG00000186998.16"	"M5"
"ENSG00000169432.16"	"M1"
"ENSG00000125864.14"	"M6"
"ENSG00000122861.16"	"M1"
"HERVFH21_Xq11.2b"	"M14"
"ENSG00000175894.18"	"M1"
"ENSG00000149557.14"	"M2"
"ENSG00000125355.15"	"M2"
"ENSG00000113494.17"	"M2"
"ENSG00000188848.16"	"M4"
"ENSG00000287771.1"	"M1"
"MER4_10q11.22b"	"M1"
"ENSG00000022556.16"	"M1"
"ENSG00000175544.13"	"M17"
"ENSG00000135976.19"	"M7"
"ENSG00000262655.4"	"M1"
"HERVFH21_1p36.23"	"M13"
"ENSG00000123612.16"	"M7"
"ENSG00000169242.12"	"M13"
"ENSG00000163554.15"	"M5"
"ENSG00000122733.12"	"M1"
"ENSG00000114948.13"	"M2"
"ENSG00000082293.13"	"M4"
"ENSG00000115602.17"	"M1"
"ENSG00000225792.2"	"M11"
"HERVL18_3p21.31a"	"M10"
"ENSG00000273812.3"	"M1"
"ENSG00000124785.9"	"M2"
"ENSG00000237927.1"	"M1"
"ENSG00000211747.3"	"M1"
"ENSG00000220267.1"	"M4"
"ENSG00000211955.2"	"M3"
"ENSG00000100336.17"	"M6"
"ENSG00000154764.6"	"M13"
"ENSG00000267046.1"	"M7"
"ENSG00000261253.2"	"M9"
"ENSG00000196369.11"	"M1"
"ENSG00000260979.1"	"M5"
"ENSG00000133101.10"	"M2"
"ENSG00000135451.13"	"M8"
"ERV316A3_12q14.1e"	"M1"
"ENSG00000236438.7"	"M1"
"ENSG00000152463.14"	"M1"
"ENSG00000100473.18"	"M3"
"ENSG00000196421.8"	"M1"
"HML6_3p21.31b"	"M10"
"ENSG00000254788.7"	"M1"
"ENSG00000258810.1"	"M1"
"ENSG00000225936.1"	"M9"
"ENSG00000275464.5"	"M3"
"ENSG00000211821.2"	"M1"
"ENSG00000127578.7"	"M1"
"ENSG00000002726.20"	"M1"
"ENSG00000234176.1"	"M8"
"ENSG00000172232.10"	"M10"
"ENSG00000148600.15"	"M2"
"ENSG00000110987.8"	"M4"
"ENSG00000255422.3"	"M1"
"ENSG00000170128.5"	"M1"
"ENSG00000164142.16"	"M8"
"ENSG00000186648.15"	"M6"
"ENSG00000213057.5"	"M4"
"ENSG00000269119.1"	"M1"
"ENSG00000064270.12"	"M10"
"ENSG00000011426.11"	"M8"
"ENSG00000180712.4"	"M1"
"ENSG00000227051.6"	"M2"
"ENSG00000224067.2"	"M1"
"ENSG00000196517.11"	"M5"
"ENSG00000186185.14"	"M8"
"ENSG00000277687.1"	"M11"
"ENSG00000156970.12"	"M8"
"ENSG00000183960.9"	"M4"
"HML6_19p13.2d"	"M7"
"ENSG00000267385.1"	"M1"
"ENSG00000127831.11"	"M9"
"ENSG00000257275.6"	"M4"
"ENSG00000250696.5"	"M12"
"ENSG00000103723.15"	"M1"
"ENSG00000285618.1"	"M1"
"ENSG00000225231.2"	"M1"
"ENSG00000179082.3"	"M1"
"ENSG00000243273.1"	"M1"
"ENSG00000213088.12"	"M5"
"ENSG00000275395.6"	"M1"
"ENSG00000281376.1"	"M5"
"ENSG00000060140.9"	"M6"
"ENSG00000005471.17"	"M4"
"ENSG00000215533.8"	"M2"
"ENSG00000211625.2"	"M3"
"ENSG00000198756.12"	"M1"
"HERVH_13q13.3a"	"M11"
"ENSG00000158966.16"	"M1"
"ENSG00000259488.2"	"M1"
"ENSG00000169224.13"	"M15"
"ENSG00000160201.11"	"M1"
"HERV3_19p13.3"	"M1"
"ENSG00000174255.6"	"M7"
"ENSG00000051341.14"	"M8"
"ENSG00000268240.1"	"M1"
"ENSG00000204792.2"	"M16"
"ENSG00000211825.1"	"M6"
"ENSG00000173281.5"	"M1"
"ENSG00000164683.17"	"M1"
"ENSG00000248971.2"	"M1"
"ENSG00000271736.2"	"M5"
"ENSG00000237276.8"	"M2"
"ENSG00000224805.2"	"M5"
"ENSG00000225774.2"	"M1"
"HERVK11_1p13.3"	"M11"
"ENSG00000171729.14"	"M1"
"ENSG00000026559.14"	"M4"
"ENSG00000257715.1"	"M1"
"ENSG00000198353.8"	"M6"
"ENSG00000184293.7"	"M7"
"ENSG00000172367.16"	"M1"
"ENSG00000214975.4"	"M1"
"ENSG00000236496.2"	"M2"
"ENSG00000231621.1"	"M1"
"ENSG00000211685.3"	"M3"
"ENSG00000115414.19"	"M1"
"ENSG00000277157.1"	"M2"
"ENSG00000103647.12"	"M4"
"ENSG00000204622.11"	"M1"
"ENSG00000111788.10"	"M1"
"ENSG00000182272.12"	"M6"
"ENSG00000286236.1"	"M1"
"ENSG00000179914.5"	"M5"
"ENSG00000175920.18"	"M4"
"ENSG00000157554.19"	"M10"
"ENSG00000231826.6"	"M1"
"ENSG00000129682.16"	"M1"
"ENSG00000036448.10"	"M1"
"ENSG00000181634.8"	"M2"
"ENSG00000162630.6"	"M2"
"ENSG00000235400.1"	"M1"
"ENSG00000078053.17"	"M1"
"ENSG00000171714.11"	"M2"
"ENSG00000249173.6"	"M1"
"ENSG00000225948.2"	"M13"
"ENSG00000243264.2"	"M3"
"ENSG00000234883.6"	"M16"
"ENSG00000197993.9"	"M5"
"ENSG00000166035.11"	"M2"
"ENSG00000130433.7"	"M12"
"ENSG00000255423.1"	"M11"
"ENSG00000233029.3"	"M1"
"ENSG00000284948.1"	"M1"
"ENSG00000189238.6"	"M6"
"ENSG00000277075.2"	"M5"
"HML2_1q23.3"	"M7"
"ENSG00000233791.5"	"M1"
"ENSG00000227165.9"	"M9"
"ENSG00000163430.12"	"M9"
"ENSG00000184292.7"	"M10"
"ENSG00000186049.8"	"M2"
"ENSG00000153253.18"	"M4"
"ENSG00000285492.1"	"M2"
"ENSG00000125319.14"	"M1"
"ENSG00000250687.6"	"M1"
"ENSG00000168282.6"	"M1"
"MER4_12q12b"	"M2"
"ENSG00000287131.1"	"M1"
"ENSG00000229961.3"	"M1"
"ENSG00000253234.1"	"M3"
"ENSG00000266256.3"	"M1"
"ENSG00000250982.2"	"M8"
"ENSG00000152672.8"	"M10"
"ENSG00000228113.7"	"M11"
"ENSG00000169031.19"	"M4"
"ENSG00000144935.15"	"M7"
"ENSG00000271303.1"	"M1"
"ENSG00000170412.18"	"M2"
"ENSG00000145284.12"	"M6"
"ENSG00000143869.7"	"M4"
"ENSG00000210100.1"	"M9"
"ENSG00000181215.15"	"M6"
"ENSG00000228590.2"	"M4"
"ENSG00000279942.1"	"M1"
"ENSG00000196542.8"	"M6"
"ENSG00000182580.3"	"M1"
"ENSG00000196188.11"	"M5"
"ENSG00000276966.2"	"M1"
"ENSG00000228668.1"	"M1"
"ENSG00000223914.4"	"M2"
"ENSG00000172927.8"	"M9"
"ENSG00000267279.2"	"M9"
"ENSG00000214659.4"	"M1"
"ENSG00000277301.1"	"M13"
"ENSG00000178297.13"	"M5"
"ENSG00000263961.8"	"M15"
"ENSG00000243650.3"	"M2"
"ENSG00000251441.3"	"M1"
"ENSG00000112742.10"	"M8"
"ENSG00000162407.9"	"M1"
"ENSG00000167105.8"	"M1"
"ENSG00000196436.8"	"M3"
"ENSG00000264553.1"	"M1"
"ENSG00000286025.1"	"M1"
"ENSG00000122420.10"	"M2"
"ENSG00000119915.5"	"M2"
"ENSG00000165304.8"	"M8"
"ENSG00000167100.14"	"M9"
"ENSG00000279693.1"	"M12"
"ENSG00000135116.9"	"M4"
"ENSG00000078114.18"	"M1"
"ENSG00000108691.9"	"M2"
"HML3_6p22.1"	"M1"
"ENSG00000211937.3"	"M3"
"ENSG00000163520.14"	"M13"
"ENSG00000203797.10"	"M2"
"ENSG00000204252.14"	"M4"
"ENSG00000213492.2"	"M2"
"ENSG00000162873.14"	"M5"
"ENSG00000080493.17"	"M6"
"ENSG00000137962.13"	"M1"
"ENSG00000277452.1"	"M1"
"ENSG00000255833.2"	"M1"
"ENSG00000210191.1"	"M9"
"ENSG00000079931.15"	"M3"
"ENSG00000157152.17"	"M1"
"ENSG00000183010.17"	"M3"
"ENSG00000158104.11"	"M1"
"ENSG00000237719.1"	"M11"
"ENSG00000134184.13"	"M11"
"ENSG00000270030.1"	"M1"
"ENSG00000253626.3"	"M11"
"ENSG00000071539.14"	"M8"
"ENSG00000186583.12"	"M1"
"ERVLE_11q23.3c"	"M1"
"ENSG00000156453.13"	"M6"
"ENSG00000148498.16"	"M9"
"ENSG00000197721.17"	"M5"
"ENSG00000225079.2"	"M6"
"ENSG00000225940.6"	"M1"
"ENSG00000269720.2"	"M2"
"ENSG00000072571.20"	"M8"
"ENSG00000211941.3"	"M3"
"ENSG00000065328.16"	"M8"
"ENSG00000197561.7"	"M10"
"ENSG00000103184.12"	"M9"
"ENSG00000115112.8"	"M1"
"ENSG00000055732.13"	"M1"
"ENSG00000226321.5"	"M17"
"ENSG00000210195.2"	"M9"
"ENSG00000002587.10"	"M4"
"ENSG00000211816.2"	"M1"
"HERVFH19_2p22.2"	"M2"
"ENSG00000249667.1"	"M7"
"ENSG00000275895.7"	"M1"
"ENSG00000214548.18"	"M8"
"ENSG00000255557.1"	"M1"
"ENSG00000258741.4"	"M1"
"ENSG00000147852.16"	"M1"
"ENSG00000204872.4"	"M9"
"ENSG00000035499.13"	"M8"
"ENSG00000241657.1"	"M1"
"ENSG00000160716.6"	"M2"
"ENSG00000256128.6"	"M6"
"ENSG00000257599.3"	"M1"
"ENSG00000213763.4"	"M1"
"ENSG00000167601.12"	"M2"
"ENSG00000174307.7"	"M2"
"MER4_11q12.1e"	"M1"
"ENSG00000129757.13"	"M17"
"ENSG00000158163.15"	"M10"
"ENSG00000147180.16"	"M4"
"ENSG00000174348.13"	"M6"
"ENSG00000286381.1"	"M1"
"ENSG00000177294.7"	"M2"
"ENSG00000105974.12"	"M3"
"ENSG00000099958.14"	"M3"
"ENSG00000184986.11"	"M1"
"HERVH48_19p12b"	"M7"
"ENSG00000203721.7"	"M1"
"ENSG00000237248.5"	"M6"
"ENSG00000118432.12"	"M4"
"ENSG00000176293.19"	"M4"
"ENSG00000144668.12"	"M10"
"ENSG00000266980.1"	"M2"
"ENSG00000283384.1"	"M2"
"ENSG00000007038.11"	"M1"
"ENSG00000196935.9"	"M1"
"ENSG00000226337.3"	"M1"
"ENSG00000206077.11"	"M2"
"ENSG00000211644.3"	"M3"
"ENSG00000143184.5"	"M1"
"ENSG00000241527.1"	"M1"
"ENSG00000168546.11"	"M8"
"ENSG00000152078.10"	"M5"
"ENSG00000112984.12"	"M8"
"ENSG00000126467.11"	"M1"
"ENSG00000254288.1"	"M1"
"ENSG00000211710.3"	"M1"
"ENSG00000170231.15"	"M1"
"ENSG00000271344.1"	"M1"
"ENSG00000228314.1"	"M1"
"ENSG00000180138.7"	"M1"
"ENSG00000214425.8"	"M7"
"ENSG00000287299.1"	"M2"
"ENSG00000253549.6"	"M5"
"ENSG00000090889.12"	"M8"
"ENSG00000120057.5"	"M13"
"ENSG00000239951.1"	"M3"
"HML2_8p23.1a"	"M2"
"ENSG00000129173.13"	"M8"
"ENSG00000167780.12"	"M2"
"ENSG00000110693.18"	"M5"
"ENSG00000167191.12"	"M1"
"ENSG00000054179.12"	"M1"
"ENSG00000234456.8"	"M2"
"ENSG00000164045.12"	"M8"
"ENSG00000197506.8"	"M10"
"ENSG00000283361.2"	"M1"
"ENSG00000230537.2"	"M6"
"ENSG00000228168.1"	"M1"
"ENSG00000169247.12"	"M9"
"ENSG00000269553.1"	"M4"
"ENSG00000278030.1"	"M1"
"ENSG00000145423.5"	"M5"
"ENSG00000178538.10"	"M15"
"ENSG00000286342.1"	"M5"
"ENSG00000233431.1"	"M1"
"ENSG00000118402.6"	"M2"
"ENSG00000211667.3"	"M3"
"ENSG00000258831.1"	"M1"
"ENSG00000103528.17"	"M4"
"ENSG00000148344.11"	"M1"
"ENSG00000211697.4"	"M6"
"ENSG00000118777.12"	"M5"
"ENSG00000178445.9"	"M3"
"ENSG00000284874.1"	"M1"
"ENSG00000184661.14"	"M8"
"ERV316A3_6p21.33b"	"M1"
"ENSG00000169607.13"	"M8"
"ENSG00000148848.14"	"M2"
"ENSG00000197385.6"	"M4"
"ENSG00000246363.3"	"M15"
"ENSG00000165338.16"	"M7"
"ENSG00000134716.11"	"M2"
"ENSG00000125618.17"	"M3"
"ENSG00000164082.15"	"M2"
"ENSG00000155970.12"	"M7"
"ENSG00000128342.5"	"M2"
"ENSG00000173068.18"	"M6"
"ENSG00000256720.1"	"M6"
"ENSG00000189343.7"	"M2"
"ENSG00000161640.15"	"M2"
"ENSG00000152969.20"	"M6"
"ENSG00000112212.12"	"M5"
"ENSG00000174371.17"	"M8"
"ENSG00000267751.5"	"M1"
"ENSG00000239887.6"	"M1"
"ENSG00000250995.1"	"M1"
"ENSG00000288046.1"	"M1"
"ENSG00000221937.4"	"M1"
"ENSG00000115423.18"	"M1"
"ENSG00000106366.8"	"M9"
"ENSG00000232208.2"	"M13"
"ENSG00000288065.1"	"M7"
"HML3_7q11.21"	"M5"
"ENSG00000142025.16"	"M1"
"ENSG00000285976.2"	"M2"
"ENSG00000237438.7"	"M1"
"ERV316A3_2p25.1b"	"M5"
"ENSG00000276953.1"	"M1"
"ENSG00000255733.5"	"M1"
"ENSG00000057294.14"	"M1"
"ENSG00000277654.6"	"M1"
"ENSG00000285966.1"	"M1"
"ENSG00000128641.19"	"M4"
"ENSG00000246130.1"	"M11"
"ENSG00000099250.18"	"M1"
"ENSG00000173262.11"	"M2"
"ENSG00000115457.10"	"M1"
"ENSG00000241975.1"	"M11"
"ENSG00000211653.2"	"M3"
"ENSG00000240382.3"	"M3"
"ENSG00000253214.2"	"M1"
"ENSG00000154269.15"	"M15"
"ENSG00000260618.1"	"M7"
"ENSG00000103534.17"	"M1"
"ENSG00000215493.3"	"M7"
"ENSG00000283064.1"	"M2"
"ENSG00000274717.1"	"M1"
"ENSG00000067798.16"	"M1"
"ENSG00000237914.5"	"M7"
"ENSG00000183111.12"	"M5"
"ENSG00000272555.1"	"M1"
"ENSG00000136315.4"	"M10"
"ENSG00000230910.4"	"M1"
"ENSG00000213275.2"	"M1"
"ENSG00000132259.13"	"M1"
"ENSG00000235328.1"	"M11"
"ENSG00000175084.12"	"M2"
"ENSG00000196381.11"	"M7"
"ENSG00000079156.17"	"M1"
"HERVH_Xp22.2a"	"M1"
"HERVW_6q27b"	"M11"
"HML5_12q15"	"M7"
"ENSG00000096696.14"	"M4"
"ERV316A3_1q24.2a"	"M1"
"ENSG00000101230.6"	"M2"
"ENSG00000222037.5"	"M3"
"ENSG00000205537.2"	"M2"
"ENSG00000198400.11"	"M15"
"ENSG00000232063.2"	"M2"
"ENSG00000256069.7"	"M6"
"ENSG00000136848.17"	"M1"
"ENSG00000175445.17"	"M1"
"ENSG00000090659.18"	"M1"
"ENSG00000145736.14"	"M1"
"ENSG00000259144.2"	"M1"
"ENSG00000187244.11"	"M5"
"ENSG00000188375.5"	"M1"
"ENSG00000258572.1"	"M3"
"HERVIP10F_15q14"	"M1"
"ENSG00000268119.6"	"M5"
"ENSG00000243806.1"	"M7"
"ENSG00000211966.2"	"M3"
"ENSG00000286942.1"	"M6"
"ENSG00000235890.2"	"M1"
"ENSG00000120156.21"	"M1"
"ENSG00000211959.2"	"M3"
"ENSG00000228655.7"	"M7"
"ENSG00000255337.1"	"M2"
"MER4_17q21.2d"	"M4"
"HUERSP2_2q24.2"	"M2"
"ENSG00000184500.15"	"M9"
"ENSG00000230825.2"	"M2"
"ENSG00000122786.20"	"M9"
"LTR23_9q22.33b"	"M7"
"ENSG00000242779.7"	"M5"
"ENSG00000224137.1"	"M4"
"ENSG00000050165.18"	"M1"
"ENSG00000171320.15"	"M8"
"ENSG00000180190.11"	"M9"
"ENSG00000110881.11"	"M13"
"ENSG00000211746.3"	"M1"
"ENSG00000132329.11"	"M11"
"ENSG00000254211.6"	"M1"
"ENSG00000166803.13"	"M8"
"ENSG00000254473.1"	"M8"
"ENSG00000111291.8"	"M3"
"HML5_6p22.2"	"M2"
"ENSG00000204420.10"	"M9"
"HERVH_4p16.1a"	"M7"
"ENSG00000166831.9"	"M9"
"ENSG00000242992.3"	"M1"
"ENSG00000124882.4"	"M10"
"ENSG00000179934.7"	"M1"
"ENSG00000232855.7"	"M1"
"ENSG00000163666.10"	"M2"
"ENSG00000248485.2"	"M1"
"ENSG00000229325.1"	"M11"
"ENSG00000151640.13"	"M1"
"ENSG00000134548.11"	"M9"
"ENSG00000256427.2"	"M6"
"ENSG00000257495.5"	"M13"
"ENSG00000142949.17"	"M5"
"ENSG00000114923.17"	"M1"
"ENSG00000102230.14"	"M9"
"ENSG00000244720.1"	"M7"
"ENSG00000240535.8"	"M6"
"ENSG00000170858.10"	"M1"
"ENSG00000175800.5"	"M2"
"ENSG00000251179.1"	"M1"
"ENSG00000226816.3"	"M1"
"ENSG00000219928.2"	"M16"
"ERVL_16p12.2"	"M11"
"ENSG00000231528.3"	"M2"
"ENSG00000244649.5"	"M6"
"ENSG00000111537.5"	"M6"
"ENSG00000100095.19"	"M1"
"HERVH_19q13.32e"	"M1"
"ENSG00000197520.10"	"M4"
"ENSG00000211665.3"	"M3"
"ENSG00000225972.1"	"M8"
"ENSG00000204345.1"	"M2"
"ENSG00000274512.5"	"M8"
"ENSG00000141977.9"	"M2"
"ENSG00000168913.7"	"M1"
"ENSG00000197353.4"	"M17"
"ENSG00000124657.1"	"M2"
"ENSG00000251453.1"	"M11"
"ENSG00000264745.1"	"M1"
"ENSG00000136235.16"	"M2"
"ENSG00000284713.1"	"M2"
"ENSG00000157856.12"	"M1"
"ENSG00000243797.6"	"M1"
"ENSG00000204677.13"	"M2"
"ERVLB4_7q22.1b"	"M1"
"ENSG00000210164.1"	"M9"
"ENSG00000176490.5"	"M4"
"ENSG00000246596.7"	"M7"
"ENSG00000285476.1"	"M2"
"ENSG00000134193.15"	"M13"
"ENSG00000276070.5"	"M8"
"ENSG00000049247.13"	"M1"
"ENSG00000254521.7"	"M1"
"ENSG00000123454.12"	"M1"
"ENSG00000180815.14"	"M1"
"HERVH_4q31.1b"	"M1"
"ENSG00000133116.8"	"M1"
"MER4_Xq21.1a"	"M1"
"ENSG00000247317.3"	"M2"
"ENSG00000183856.11"	"M10"
"ENSG00000275791.1"	"M1"
"ENSG00000286401.1"	"M7"
"ENSG00000183844.17"	"M1"
"ENSG00000101132.10"	"M16"
"ENSG00000222057.1"	"M7"
"ENSG00000158748.4"	"M2"
"ENSG00000238018.2"	"M7"
"ENSG00000280071.4"	"M3"
"ENSG00000174607.11"	"M4"
"ENSG00000138755.6"	"M1"
"ENSG00000229677.1"	"M2"
"ENSG00000273972.1"	"M1"
"ENSG00000265817.3"	"M13"
"ENSG00000156206.14"	"M9"
"ENSG00000189221.9"	"M1"
"ENSG00000172967.7"	"M1"
"ENSG00000117650.13"	"M8"
"ENSG00000184702.20"	"M1"
"ENSG00000226862.1"	"M1"
"ENSG00000211753.4"	"M1"
"ENSG00000244575.3"	"M3"
"ENSG00000251513.2"	"M4"
"ENSG00000197415.12"	"M9"
"ENSG00000229417.1"	"M4"
"ENSG00000235847.2"	"M11"
"ENSG00000231345.3"	"M11"
"ENSG00000232284.7"	"M1"
"ENSG00000171246.6"	"M8"
"ENSG00000091129.20"	"M13"
"ENSG00000253552.8"	"M1"
"ENSG00000140534.14"	"M8"
"ENSG00000118193.12"	"M8"
"ENSG00000154736.6"	"M2"
"ENSG00000234426.3"	"M4"
"ENSG00000136982.6"	"M8"
"ENSG00000286830.1"	"M1"
"ENSG00000170801.10"	"M10"
"ENSG00000164056.11"	"M4"
"ENSG00000174697.5"	"M1"
"ENSG00000179253.3"	"M7"
"ENSG00000237649.8"	"M8"
"ENSG00000182795.13"	"M5"
"HERVH_10p14a"	"M7"
"ENSG00000224373.3"	"M3"
"ENSG00000264176.1"	"M7"
"HERVK11_1q23.3a"	"M7"
"ENSG00000129946.10"	"M13"
"ENSG00000054356.14"	"M5"
"ENSG00000242265.5"	"M4"
"ENSG00000196263.8"	"M7"
"ENSG00000100218.12"	"M1"
"PRIMA4_1p12b"	"M4"
"ENSG00000121742.19"	"M1"
"ENSG00000185736.16"	"Not.Correlated"
"ENSG00000116014.10"	"M1"
"ENSG00000158488.16"	"M2"
"ENSG00000248455.6"	"M1"
"ENSG00000113645.14"	"M1"
"ENSG00000259351.1"	"M1"
"ENSG00000156113.23"	"M3"
"ENSG00000255819.7"	"M6"
"ENSG00000173212.4"	"M1"
"ENSG00000169507.9"	"M4"
"ENSG00000251139.2"	"M1"
"ENSG00000170298.15"	"M1"
"ENSG00000211892.4"	"M3"
"ENSG00000160180.15"	"M10"
"ENSG00000170558.9"	"M1"
"ENSG00000236562.4"	"M1"
"HML3_5p15.33b"	"M7"
"ENSG00000074410.14"	"M1"
"ENSG00000237372.4"	"M1"
"ENSG00000278811.4"	"M7"
"ENSG00000064300.9"	"M6"
"ENSG00000130656.6"	"M5"
"ENSG00000255545.8"	"M6"
"ENSG00000256020.1"	"M5"
"ENSG00000088340.16"	"M3"
"ENSG00000223177.1"	"M2"
"ENSG00000188672.18"	"M5"
"ENSG00000173578.7"	"M3"
"ENSG00000158525.15"	"M1"
"ENSG00000256249.1"	"M1"
"ENSG00000211651.3"	"M3"
"HML6_12q24.12a"	"M7"
"HML1_19q13.41b"	"M6"
"ENSG00000260314.3"	"M1"
"ENSG00000276805.2"	"M1"
"ENSG00000183662.11"	"M2"
"ENSG00000126838.10"	"M6"
"ENSG00000234719.9"	"M8"
"ENSG00000198046.12"	"M4"
"ENSG00000232216.1"	"M3"
"ENSG00000213557.4"	"M2"
"ENSG00000197465.14"	"M5"
"ENSG00000275898.1"	"M1"
"ENSG00000279656.1"	"M8"
"ENSG00000182489.9"	"M4"
"HERVH_13q33.3"	"M1"
"HUERSP3_11p13"	"M1"
"ENSG00000225075.1"	"M2"
"ENSG00000115884.11"	"M3"
"ENSG00000233614.6"	"M1"
"ENSG00000163053.11"	"M3"
"HERV3_3q21.3"	"M2"
"ENSG00000221955.10"	"M2"
"ENSG00000225690.1"	"M1"
"ENSG00000231292.6"	"M3"
"ENSG00000230191.1"	"M2"
"ENSG00000274576.2"	"M3"
"ENSG00000225850.3"	"M1"
"ENSG00000151320.11"	"M2"
"PRIMA41_22q11.23"	"M5"
"ENSG00000236397.3"	"M1"
"ENSG00000166033.13"	"M1"
"HERVH_22q12.3a"	"M1"
"ENSG00000280604.1"	"M1"
"ENSG00000050555.18"	"M13"
"ENSG00000162877.13"	"M1"
"ENSG00000274265.5"	"M4"
"ENSG00000232626.3"	"M5"
"ENSG00000242048.3"	"M1"
"ENSG00000286504.1"	"M1"
"ENSG00000274641.1"	"M2"
"ENSG00000124721.18"	"M8"
"ENSG00000145103.15"	"M3"
"ENSG00000162949.16"	"M1"
"ENSG00000211945.2"	"M3"
"ENSG00000158352.15"	"M1"
"ENSG00000168255.20"	"M1"
"ENSG00000237422.2"	"M6"
"ENSG00000283597.2"	"M1"
"ENSG00000211632.4"	"M3"
"ENSG00000268658.5"	"M1"
"HERVH_12p13.31d"	"M6"
"ENSG00000171916.17"	"M1"
"ERV316A3_10q22.1a"	"M7"
"ENSG00000167880.7"	"M5"
"ENSG00000211934.3"	"M3"
"ENSG00000196584.3"	"M8"
"ENSG00000224295.3"	"M2"
"ENSG00000100526.20"	"M8"
"ENSG00000228526.7"	"M2"
"ENSG00000119630.14"	"M5"
"ENSG00000050730.16"	"M6"
"ENSG00000180535.3"	"M3"
"HERVW_3p21.31"	"M1"
"ENSG00000165480.16"	"M8"
"ENSG00000204791.10"	"M1"
"HERVL_7p15.2a"	"M3"
"ENSG00000165891.16"	"M8"
"ENSG00000171517.6"	"M8"
"ENSG00000151090.19"	"M1"
"ENSG00000236946.2"	"M1"
"ERVLE_7q34a"	"M2"
"ENSG00000105509.10"	"M1"
"HERVL74_8q21.2"	"M5"
"ENSG00000186281.12"	"M1"
"ERVLB4_3p21.31e"	"M1"
"ENSG00000283036.3"	"M1"
"ERV316A3_Xp22.11"	"M2"
"ENSG00000234184.6"	"M4"
"ENSG00000133169.6"	"M10"
"HERVH_1q25.3"	"M1"
"ERVLE_Xp11.22a"	"M14"
"ENSG00000089472.16"	"M1"
"ENSG00000259070.7"	"M1"
"ENSG00000275772.1"	"M1"
"MER4_7q22.3"	"M1"
"ENSG00000286285.1"	"M2"
"ENSG00000105246.6"	"M3"
"ENSG00000259628.1"	"M11"
"ENSG00000235888.3"	"M1"
"ENSG00000060656.20"	"M2"
"ENSG00000185567.7"	"M4"
"ENSG00000157322.17"	"M1"
"ENSG00000272595.2"	"M1"
"ENSG00000250138.4"	"M1"
"ERV316A3_6p22.1l"	"M1"
"ENSG00000105370.7"	"M6"
"ENSG00000258511.1"	"M13"
"HML3_1p36.23"	"M13"
"ENSG00000165810.17"	"M4"
"LTR25_12p11.22b"	"M1"
"ENSG00000091986.15"	"M2"
"ENSG00000241351.3"	"M3"
"ENSG00000224203.2"	"M1"
"ENSG00000237254.2"	"M1"
"HERV4_11q21"	"M11"
"MER61_6q13b"	"M4"
"ENSG00000109099.15"	"M12"
"ENSG00000182912.6"	"M1"
"ENSG00000118473.22"	"M5"
"ENSG00000145244.12"	"M1"
"ENSG00000283930.1"	"M7"
"ENSG00000253368.4"	"M17"
"ENSG00000163016.10"	"M8"
"ENSG00000164237.9"	"M5"
"PRIMA41_8q24.3"	"M2"
"HERVH_11q24.1a"	"M1"
"ENSG00000143603.19"	"M3"
"ENSG00000174059.17"	"M10"
"ENSG00000261000.1"	"M1"
"ENSG00000182853.12"	"M17"
"ENSG00000099998.17"	"M2"
"ENSG00000261115.6"	"M1"
"ENSG00000206199.11"	"M1"
"HERVH_20p13c"	"M1"
"ENSG00000133328.4"	"M3"
"ENSG00000286546.1"	"M4"
"ENSG00000196912.12"	"M7"
"HML3_1q25.2"	"M4"
"HERV9_5q11.2"	"M7"
"ENSG00000137878.17"	"M5"
"ENSG00000236279.7"	"M9"
"ENSG00000259803.7"	"M2"
"ENSG00000170439.7"	"M2"
"ENSG00000138316.11"	"M2"
"ENSG00000279825.1"	"M7"
"ENSG00000233077.1"	"M1"
"ENSG00000250031.1"	"M1"
"ENSG00000162062.15"	"M8"
"ENSG00000274588.2"	"M6"
"ENSG00000228058.2"	"M1"
"ENSG00000168004.9"	"M12"
"ENSG00000238062.6"	"M8"
"ENSG00000287778.1"	"M4"
"ENSG00000152760.10"	"M10"
"ENSG00000154099.18"	"M2"
"ENSG00000115163.15"	"M8"
"HERVH_12p13.31b"	"M1"
"ENSG00000120645.12"	"M1"
"ENSG00000266066.1"	"M1"
"ENSG00000226318.1"	"M11"
"ENSG00000111732.11"	"M1"
"ERVLB4_17q12"	"M6"
"ENSG00000245080.7"	"M1"
"ENSG00000066468.22"	"M12"
"ENSG00000204262.14"	"M1"
"ENSG00000287188.1"	"M2"
"ENSG00000109674.4"	"M8"
"ENSG00000187997.11"	"M5"
"HERV30_4q13.2c"	"M9"
"HML3_12q23.3"	"M6"
"HERVL_4q24d"	"M11"
"ENSG00000167914.12"	"M8"
"ENSG00000159247.13"	"M1"
"ENSG00000181458.10"	"M1"
"ENSG00000150627.15"	"M7"
"ENSG00000286076.1"	"M1"
"HERVE_8p23.1n"	"M2"
"ENSG00000248905.9"	"M1"
"ENSG00000105707.14"	"M1"
"ENSG00000241945.8"	"M3"
"ENSG00000180875.5"	"M2"
"ENSG00000272512.1"	"M2"
"ENSG00000249396.2"	"M1"
"PRIMA41_9q34.3"	"M1"
"ENSG00000165985.10"	"M7"
"ENSG00000224041.3"	"M3"
"ENSG00000087085.15"	"M5"
"ENSG00000241755.1"	"M3"
"ENSG00000150625.16"	"M4"
"ENSG00000214944.9"	"M6"
"ERV316A3_6p22.1k"	"M1"
"ENSG00000136634.7"	"M2"
"HERVL_11q12.2"	"M7"
"ENSG00000153157.13"	"M1"
"ENSG00000166265.13"	"M1"
"ENSG00000228463.10"	"M1"
"ENSG00000211949.3"	"M3"
"HERVL_13q33.3"	"M1"
"ENSG00000165868.14"	"M4"
"HERVH_5q23.2g"	"M1"
"ENSG00000149403.12"	"M1"
"ENSG00000261349.1"	"M7"
"ENSG00000112077.16"	"M5"
"ENSG00000146166.17"	"M1"
"ENSG00000279161.1"	"M1"
"ENSG00000070019.5"	"M1"
"ENSG00000273018.6"	"M7"
"ENSG00000230492.1"	"M1"
"ENSG00000197549.9"	"M4"
"ENSG00000280543.1"	"M7"
"ERVLE_1p13.2a"	"M7"
"ENSG00000105855.10"	"M15"
"ENSG00000160284.15"	"M11"
"ENSG00000156463.18"	"M6"
"ENSG00000273445.1"	"M1"
"ENSG00000259687.2"	"M1"
"ENSG00000187922.14"	"M4"
"HERVH_4q21.21a"	"M1"
"ENSG00000255893.1"	"M7"
"ERV316A3_7q22.3"	"M1"
"ENSG00000170955.10"	"M1"
"ENSG00000258429.2"	"M1"
"ENSG00000233750.3"	"M1"
"ENSG00000172348.14"	"M6"
"ENSG00000178752.16"	"M5"
"ENSG00000272491.1"	"M1"
"HERV3_6p21.33"	"M1"
"HERVE_2p14a"	"M4"
"ENSG00000237702.2"	"M1"
"ENSG00000184305.15"	"M4"
"ENSG00000136237.19"	"M4"
"ENSG00000234493.4"	"M12"
"ENSG00000204044.6"	"M1"
"ENSG00000171658.8"	"M2"
"ENSG00000197467.14"	"M8"
"ENSG00000121594.12"	"M1"
"ENSG00000229358.3"	"M10"
"ENSG00000278745.1"	"M1"
"HML2_3q13.2"	"M11"
"ENSG00000253239.1"	"M3"
"ENSG00000282939.1"	"M1"
"ENSG00000180537.13"	"M5"
"ENSG00000135253.13"	"M6"
"ENSG00000253570.1"	"M1"
"ENSG00000180914.10"	"M9"
"ENSG00000271304.2"	"M1"
"ENSG00000122641.11"	"M10"
"ENSG00000249309.1"	"M1"
"ENSG00000160229.13"	"M11"
"ENSG00000224114.1"	"M10"
"HERVK11_4q13.2"	"M12"
"ENSG00000210117.1"	"M9"
"ENSG00000185304.15"	"M1"
"ENSG00000253194.2"	"M11"
"ENSG00000211965.4"	"M3"
"ENSG00000276566.1"	"M3"
"ENSG00000279058.2"	"M8"
"ENSG00000263155.6"	"M5"
"HML3_6p21.33"	"M1"
"ENSG00000279368.1"	"M2"
"ENSG00000115468.12"	"M13"
"ENSG00000248988.1"	"M1"
"ENSG00000180574.3"	"M3"
"ENSG00000146530.14"	"M2"
"ENSG00000211962.2"	"M3"
"ENSG00000213934.8"	"M5"
"ENSG00000074590.13"	"M6"
"ENSG00000260923.7"	"M1"
"ENSG00000285572.2"	"M1"
"HERVH_2q33.2"	"M1"
"ENSG00000240563.2"	"M1"
"ENSG00000103089.9"	"M3"
"ENSG00000138669.9"	"M1"
"ENSG00000180878.3"	"M11"
"ENSG00000284154.1"	"M1"
"HERVL32_7q22.1"	"M7"
"ENSG00000132518.6"	"M1"
"ENSG00000204110.6"	"M1"
"ENSG00000287064.1"	"M1"
"ENSG00000257800.1"	"M7"
"ENSG00000221957.8"	"M6"
"ENSG00000233785.1"	"M2"
"ENSG00000211956.2"	"M3"
"ENSG00000205746.9"	"M7"
"ENSG00000183873.15"	"M1"
"ENSG00000166342.19"	"M4"
"ENSG00000204710.2"	"M9"
"ENSG00000102362.15"	"M9"
"ERV316A3_18q22.3e"	"M7"
"ENSG00000073282.13"	"M3"
"ENSG00000211947.2"	"M3"
"ENSG00000234338.1"	"M7"
"ENSG00000286895.1"	"M1"
"ENSG00000231246.2"	"M9"
"ENSG00000221025.1"	"M1"
"ENSG00000259268.2"	"M1"
"ENSG00000167618.10"	"M6"
"HERV3_21q22.13"	"M1"
"ENSG00000278212.2"	"M1"
"ENSG00000170379.20"	"M2"
"HERV9_1p31.1"	"M7"
"HERVH_14q22.1a"	"M1"
"ENSG00000240666.2"	"M1"
"ENSG00000102024.18"	"M8"
"ENSG00000107731.12"	"M4"
"ENSG00000217083.1"	"M1"
"HERVH_10q23.31a"	"M2"
"ENSG00000260549.1"	"M2"
"HERVL_9q21.32"	"M1"
"ENSG00000236403.2"	"M8"
"ENSG00000132170.21"	"M1"
"ERV316A3_18q21.1a"	"M7"
"HERVH_17q25.3"	"M2"
"ENSG00000184349.13"	"M1"
"ENSG00000287642.1"	"M5"
"ENSG00000183542.5"	"M6"
"ENSG00000287608.1"	"M7"
"ERVLB4_3p21.31d"	"M10"
"ENSG00000233730.1"	"M1"
"ENSG00000211745.3"	"M1"
"ENSG00000279164.1"	"M1"
"ENSG00000109047.8"	"M1"
"ENSG00000259514.1"	"M2"
"ENSG00000163746.11"	"M2"
"ENSG00000169435.14"	"M1"
"ENSG00000170091.11"	"M1"
"ENSG00000229453.2"	"M1"
"ENSG00000285730.1"	"M1"
"HERVFH21_Xq11.2a"	"M1"
"ENSG00000173406.15"	"M2"
"ENSG00000177990.12"	"M7"
"ENSG00000254695.2"	"M1"
"ENSG00000165409.17"	"M3"
"ENSG00000196415.10"	"M10"
"ENSG00000164106.8"	"M1"
"ENSG00000074527.12"	"M2"
"ENSG00000210176.1"	"M9"
"ENSG00000237217.1"	"M1"
"ENSG00000173809.18"	"M1"
"ENSG00000258919.1"	"M1"
"ENSG00000240429.1"	"M1"
"ENSG00000148143.13"	"M1"
"ENSG00000256987.1"	"M1"
"ENSG00000117215.15"	"M3"
"ENSG00000254006.5"	"M10"
"HERVL18_6q22.31b"	"M7"
"ENSG00000205221.12"	"M6"
"ENSG00000154227.13"	"M6"
"ERV316A3_5q35.3a"	"M1"
"ENSG00000066735.14"	"M3"
"ENSG00000285774.2"	"M9"
"ENSG00000124490.14"	"M10"
"ENSG00000188175.10"	"M5"
"ENSG00000265656.1"	"M1"
"ENSG00000166920.12"	"M2"
"ENSG00000124302.13"	"M9"
"ENSG00000184389.9"	"M1"
"ENSG00000210194.1"	"M7"
"ENSG00000288025.1"	"M1"
"HERVH_14q32.2c"	"M5"
"ENSG00000229007.1"	"M1"
"MER61_4p16.3"	"M2"
"ENSG00000263417.4"	"M1"
"ENSG00000224557.7"	"M1"
"ENSG00000238025.1"	"M2"
"ENSG00000214851.4"	"M6"
"PABLA_1q25.1"	"M3"
"ENSG00000264644.1"	"M1"
"ENSG00000183780.13"	"M2"
"ENSG00000198744.5"	"M1"
"ENSG00000254126.8"	"M1"
"ENSG00000225431.1"	"M2"
"ENSG00000286548.1"	"M2"
"ENSG00000250490.1"	"M2"
"ENSG00000168078.10"	"M8"
"ENSG00000216775.3"	"M8"
"ENSG00000167633.18"	"M6"
"ENSG00000233321.2"	"M1"
"ENSG00000120903.13"	"M1"
"HERVH_11q13.4a"	"M12"
"ENSG00000169855.20"	"M1"
"ENSG00000129244.9"	"M5"
"ENSG00000134765.9"	"M8"
"ENSG00000236911.6"	"M1"
"ENSG00000285534.1"	"M1"
"ENSG00000204001.9"	"M4"
"ENSG00000183421.12"	"M1"
"ENSG00000123843.13"	"M1"
"ENSG00000274256.1"	"M1"
"ENSG00000218186.2"	"M1"
"ENSG00000152527.14"	"M1"
"ERVLE_22q11.22a"	"M3"
"ENSG00000259869.2"	"M9"
"ENSG00000211943.2"	"M3"
"ENSG00000261208.1"	"M7"
"ENSG00000071909.18"	"M6"
"ENSG00000175164.15"	"M1"
"HERVL_17q12a"	"M7"
"ENSG00000163808.17"	"M8"
"ENSG00000278897.1"	"M7"
"ENSG00000152894.14"	"M4"
"ENSG00000236056.1"	"M2"
"ENSG00000259448.3"	"M5"
"ENSG00000198753.12"	"M9"
"ENSG00000124233.12"	"M2"
"ENSG00000188037.12"	"M1"
"ENSG00000259235.2"	"M1"
"ENSG00000162399.9"	"M1"
"ENSG00000276476.3"	"M1"
"ENSG00000108700.5"	"M2"
"ENSG00000154874.15"	"M11"
"HERV3_19q13.33"	"M2"
"ENSG00000107249.23"	"M8"
"MER34B_11p15.5"	"M2"
"ENSG00000237135.1"	"M1"
"ENSG00000287181.1"	"M2"
"ENSG00000261786.1"	"M4"
"HERV9_1p36.23"	"M13"
"ENSG00000227920.3"	"M1"
"ENSG00000152952.12"	"M9"
"ENSG00000109321.11"	"M1"
"ENSG00000104611.12"	"M1"
"ENSG00000238269.9"	"M5"
"PRIMA41_17q21.31b"	"M1"
"ENSG00000262902.1"	"M7"
"ENSG00000234282.1"	"M1"
"ENSG00000225632.1"	"M13"
"HERVH_3p12.3d"	"M7"
"ENSG00000007866.21"	"M1"
"ENSG00000149305.7"	"M1"
"ENSG00000275426.1"	"M7"
"ENSG00000156395.13"	"M3"
"ENSG00000007314.12"	"M4"
"ENSG00000145107.15"	"M6"
"ENSG00000234553.1"	"M1"
"ENSG00000244538.1"	"M16"
"ENSG00000128040.11"	"M1"
"ENSG00000204177.10"	"M7"
"ENSG00000268833.1"	"M10"
"ENSG00000143318.13"	"M1"
"ENSG00000186105.8"	"M1"
"ENSG00000231453.1"	"M1"
"ENSG00000228252.9"	"M1"
"ENSG00000259042.3"	"M1"
"ENSG00000144671.10"	"M1"
"ENSG00000204310.13"	"M1"
"LTR25_2q12.1"	"M1"
"ENSG00000259548.1"	"M1"
"ENSG00000258116.1"	"M1"
"ENSG00000238015.2"	"M2"
"ENSG00000210184.1"	"M9"
"ENSG00000104899.8"	"M2"
"ENSG00000163710.9"	"M10"
"ENSG00000179915.23"	"M1"
"ENSG00000169248.13"	"M2"
"ENSG00000165171.11"	"M1"
"ENSG00000133488.15"	"M5"
"ENSG00000144488.15"	"M4"
"ENSG00000180229.12"	"M7"
"ERVLE_1p13.3b"	"M2"
"ENSG00000229054.1"	"M2"
"ENSG00000188681.11"	"M1"
"ENSG00000287097.1"	"M6"
"ENSG00000287938.1"	"M1"
"ENSG00000234571.2"	"M2"
"ENSG00000234073.1"	"M2"
"HERVE_8p23.1h"	"M1"
"ENSG00000187510.9"	"M3"
"ENSG00000235105.1"	"M5"
"ENSG00000211645.2"	"M3"
"ENSG00000211701.2"	"M7"
"LTR25_12p11.22a"	"M1"
"ENSG00000159904.11"	"M1"
"ENSG00000036565.15"	"M8"
"ERV316A3_13q13.3c"	"M1"
"ENSG00000170390.16"	"M4"
"ENSG00000286151.1"	"M1"
"ENSG00000243289.1"	"M8"
"HML2_3q27.2"	"M7"
"ENSG00000211672.2"	"M3"
"ENSG00000282458.1"	"M1"
"ENSG00000272763.1"	"M6"
"ENSG00000198796.7"	"M1"
"ENSG00000257594.4"	"M11"
"ENSG00000271947.1"	"M2"
"ENSG00000285231.1"	"M1"
"ENSG00000070729.14"	"M1"
"ENSG00000188396.3"	"M1"
"ENSG00000273691.1"	"M7"
"ENSG00000232545.1"	"M7"
"ENSG00000256590.2"	"M1"
"ENSG00000240403.5"	"M6"
"ENSG00000279554.1"	"M11"
"ENSG00000124196.6"	"M8"
"ENSG00000235321.1"	"M2"
"ENSG00000204613.11"	"M5"
"ERV316A3_21q22.3b"	"M2"
"ENSG00000227487.4"	"M7"
"ENSG00000230795.3"	"M1"
"ENSG00000179913.11"	"M1"
"ENSG00000054598.9"	"M1"
"HERVH_22q13.1b"	"M4"
"ENSG00000211938.2"	"M3"
"ENSG00000139734.19"	"M8"
"ENSG00000227017.1"	"M2"
"ENSG00000196167.10"	"M4"
"ENSG00000235304.2"	"M1"
"ENSG00000127252.7"	"M9"
"ENSG00000223653.6"	"M1"
"ENSG00000176244.7"	"M1"
"ENSG00000151789.12"	"M9"
"ENSG00000253519.1"	"M1"
"ENSG00000106133.18"	"M5"
"ENSG00000175746.6"	"M9"
"ENSG00000267724.1"	"M7"
"ENSG00000186081.12"	"M1"
"ENSG00000150594.7"	"M9"
"ENSG00000097096.9"	"M7"
"ENSG00000205809.9"	"M6"
"ENSG00000100012.11"	"M5"
"ENSG00000137672.13"	"M12"
"ENSG00000213512.3"	"M2"
"ENSG00000269403.1"	"M6"
"ENSG00000213759.10"	"M12"
"ENSG00000011201.12"	"M1"
"ENSG00000275278.1"	"M1"
"ENSG00000189325.7"	"M2"
"ENSG00000279622.2"	"M1"
"ENSG00000248673.2"	"M1"
"MER4_12p12.1"	"M1"
"ENSG00000252206.1"	"M2"
"ENSG00000154277.13"	"M3"
"HERVH_3p21.31c"	"M1"
"ENSG00000156298.12"	"M5"
"ENSG00000157111.13"	"M1"
"ENSG00000287151.1"	"M5"
"ENSG00000168427.9"	"M2"
"ENSG00000160223.17"	"M2"
"ENSG00000250850.2"	"M4"
"ENSG00000239335.4"	"M2"
"ENSG00000177335.11"	"M2"
"ENSG00000237541.4"	"M1"
"ENSG00000165730.16"	"M1"
"ENSG00000155530.3"	"M1"
"HML2_10p14"	"M6"
"ENSG00000185155.11"	"M3"
"ENSG00000184350.11"	"M1"
"ENSG00000253691.2"	"M3"
"ENSG00000233297.4"	"M1"
"ENSG00000160221.18"	"M3"
"ENSG00000114698.15"	"M2"
"ENSG00000205810.8"	"M6"
"ENSG00000163121.10"	"M2"
"ENSG00000261105.6"	"M7"
"ENSG00000269028.3"	"M7"
"ENSG00000277117.5"	"M4"
"ENSG00000186676.3"	"M8"
"HARLEQUIN_1q44"	"M9"
"ENSG00000024526.17"	"M8"
"ENSG00000234965.2"	"M4"
"HERVH_6q12c"	"M1"
"ENSG00000214652.6"	"M2"
"ENSG00000178965.14"	"M2"
"ENSG00000223117.1"	"M1"
"ENSG00000187902.11"	"M5"
"ENSG00000256618.2"	"M3"
"ENSG00000100583.4"	"M1"
"ENSG00000235033.7"	"M1"
"ENSG00000235961.5"	"M2"
"ENSG00000161055.4"	"M1"
"ENSG00000106341.11"	"M17"
"ENSG00000233820.2"	"Not.Correlated"
"ENSG00000113389.16"	"M10"
"HERVK11_8p23.1c"	"M1"
"ENSG00000163293.12"	"M1"
"ENSG00000216809.1"	"M7"
"ENSG00000241244.1"	"M3"
"ENSG00000262097.2"	"M17"
"ENSG00000223823.1"	"M4"
"ENSG00000227502.3"	"M10"
"ENSG00000223561.7"	"M1"
"ENSG00000287277.1"	"M6"
"HML3_19q13.41b"	"M2"
"ENSG00000260220.6"	"M4"
"ENSG00000259379.1"	"M1"
"ENSG00000242766.1"	"M3"
"ENSG00000256937.1"	"M6"
"ENSG00000235150.1"	"M1"
"ENSG00000200235.1"	"M1"
"ENSG00000223553.6"	"M1"
"ENSG00000230953.2"	"M7"
"MER4_10q11.22a"	"M1"
"ENSG00000232759.1"	"M4"
"ENSG00000279846.1"	"M16"
"ENSG00000286619.1"	"M1"
"ENSG00000242553.1"	"M7"
"ENSG00000250081.1"	"M1"
"ENSG00000196581.11"	"M12"
"ENSG00000162643.13"	"M1"
"ENSG00000122679.8"	"M9"
"ENSG00000145721.12"	"M4"
"HERVH_6p22.3a"	"M5"
"ENSG00000186417.14"	"M10"
"ENSG00000278616.1"	"M7"
"ERVLB4_4q32.3c"	"M2"
"ENSG00000131459.13"	"M6"
"ENSG00000078098.14"	"M2"
"ENSG00000233975.1"	"M2"
"ENSG00000163576.18"	"M1"
"ENSG00000134532.18"	"M4"
"ENSG00000254946.2"	"M1"
"ENSG00000256988.2"	"M4"
"HERVH48_1p22.3"	"M1"
"ENSG00000211652.2"	"M3"
"ENSG00000092850.12"	"M1"
"ENSG00000197403.4"	"M10"
"ENSG00000102678.7"	"M2"
"ENSG00000212664.5"	"M16"
"ENSG00000282780.1"	"M1"
"ENSG00000157368.10"	"M12"
"HML3_1q32.1b"	"M1"
"ENSG00000228804.5"	"M1"
"ENSG00000256973.1"	"M7"
"HERVH_7q22.3a"	"M2"
"ENSG00000130635.15"	"M2"
"ENSG00000265194.1"	"M7"
"ENSG00000205611.5"	"M4"
"ENSG00000257322.6"	"M1"
"ENSG00000259116.2"	"M7"
"ENSG00000105889.15"	"M4"
"ENSG00000186115.13"	"M1"
"ENSG00000249646.2"	"M9"
"ERV316A3_18q11.2c"	"M2"
"ENSG00000284138.1"	"M5"
"ENSG00000257452.1"	"M2"
"ENSG00000041515.16"	"M3"
"ENSG00000149575.6"	"M1"
"ENSG00000187498.16"	"M1"
"ENSG00000211750.2"	"M1"
"ENSG00000196114.3"	"M2"
"HERVL_17q12b"	"M6"
"ENSG00000246375.3"	"M2"
"ENSG00000112902.12"	"M1"
"ENSG00000165695.9"	"M4"
"ENSG00000271821.1"	"M1"
"ENSG00000132622.11"	"M1"
"ENSG00000240487.1"	"M7"
"ENSG00000130643.9"	"M1"
"HUERSP3_1q44"	"M1"
"HML3_5p15.33a"	"M7"
"ENSG00000211951.2"	"M3"
"ENSG00000143552.9"	"Not.Correlated"
"ENSG00000124780.14"	"M8"
"ENSG00000171695.10"	"M1"
"ENSG00000130508.11"	"M8"
"ENSG00000126878.13"	"M2"
"ENSG00000138741.11"	"M6"
"ENSG00000147206.17"	"M10"
"HERVH48_1q44c"	"M2"
"ENSG00000241157.1"	"M1"
"ENSG00000279236.1"	"M2"
"ENSG00000169181.13"	"M2"
"ENSG00000198185.11"	"M1"
"ENSG00000228495.2"	"M4"
"ENSG00000225523.2"	"M3"
"ENSG00000227183.3"	"M1"
"ENSG00000286410.1"	"M1"
"ENSG00000182379.10"	"M4"
"ENSG00000227329.2"	"M7"
"ENSG00000101883.5"	"M2"
"ENSG00000160471.13"	"M1"
"ENSG00000230202.1"	"M1"
"HERVS71_11q13.2"	"M1"
"ENSG00000287682.1"	"M17"
"ENSG00000115290.10"	"M9"
"ENSG00000198929.13"	"M1"
"ENSG00000228897.1"	"M4"
"HERVFH21_1q23.1"	"M5"
"ENSG00000254396.1"	"M1"
"ENSG00000267453.7"	"M15"
"ENSG00000161544.10"	"M1"
"ENSG00000287119.1"	"M1"
"ENSG00000256612.7"	"M11"
"ENSG00000188659.9"	"M4"
"HERVH_6q25.1"	"M9"
"ENSG00000107593.17"	"M2"
"ENSG00000254681.6"	"M1"
"ENSG00000126251.6"	"M2"
"ENSG00000129596.5"	"M1"
"ENSG00000255710.2"	"M7"
"ENSG00000003137.8"	"M1"
"ENSG00000249934.2"	"M2"
"ENSG00000224976.2"	"M1"
"ENSG00000185818.7"	"M1"
"ENSG00000250742.4"	"M1"
"HML1_19q13.41a"	"M6"
"ENSG00000121211.8"	"M8"
"ENSG00000146453.13"	"M10"
"ENSG00000118990.5"	"M1"
"ENSG00000226004.1"	"M2"
"ENSG00000160321.15"	"M7"
"ENSG00000132970.14"	"M9"
"ENSG00000254826.1"	"M1"
"ENSG00000242580.1"	"M3"
"ENSG00000223298.1"	"M5"
"HERVH_8q22.3a"	"M1"
"ENSG00000198626.17"	"M9"
"MER41_19q13.2a"	"M2"
"ENSG00000267472.1"	"M1"
"ENSG00000263366.2"	"M1"
"ERV316A3_8q11.23b"	"M4"
"ENSG00000262319.1"	"M7"
"ENSG00000287632.1"	"M5"
"ENSG00000279565.1"	"M4"
"ENSG00000253590.1"	"M3"
"ENSG00000211964.3"	"M3"
"HERVH_12p13.1b"	"M1"
"ENSG00000283403.1"	"M9"
"ENSG00000076716.9"	"M2"
"ENSG00000259600.2"	"M11"
"HML2_8p23.1d"	"M8"
"ENSG00000254810.1"	"M9"
"ENSG00000184385.2"	"M17"
"ENSG00000227232.5"	"M1"
"ENSG00000236242.1"	"M1"
"ENSG00000130054.4"	"M13"
"ENSG00000211933.2"	"M3"
"ENSG00000214263.2"	"M2"
"ENSG00000284825.1"	"M4"
"ENSG00000163485.17"	"M2"
"ENSG00000162738.6"	"M4"
"ENSG00000244300.3"	"M15"
"ENSG00000183117.19"	"M2"
"ENSG00000232613.6"	"M3"
"ENSG00000223387.6"	"M2"
"ENSG00000230658.2"	"M2"
"HUERSP2_21q22.3"	"M1"
"ENSG00000227032.1"	"M11"
"ERV316A3_22q13.33b"	"M1"
"ENSG00000156564.9"	"M1"
"HERVH_2q37.1b"	"M2"
"ENSG00000132681.16"	"M1"
"ENSG00000125498.20"	"M6"
"ENSG00000165685.8"	"M10"
"HERVH_16q22.1"	"M12"
"ENSG00000223534.1"	"M4"
"ENSG00000114805.17"	"M10"
"ENSG00000222179.1"	"M1"
"ENSG00000239528.1"	"M1"
"ENSG00000204424.9"	"M9"
"ENSG00000283906.1"	"M3"
"HERVH_1p33"	"M1"
"MER41_22q12.3d"	"M2"
"ENSG00000269887.1"	"M5"
"ENSG00000128285.4"	"M1"
"ERVLE_19q13.31a"	"M1"
"MER4_19p12a"	"M5"
"ENSG00000258754.8"	"M1"
"HERVL_17p11.2b"	"M4"
"ENSG00000200648.1"	"M1"
"ENSG00000149054.16"	"M8"
"HERVW_6q22.1"	"M6"
"ENSG00000276289.4"	"M1"
"ENSG00000188933.16"	"M4"
"ENSG00000203363.2"	"M1"
"ERVLE_20q13.32b"	"M7"
"ENSG00000104332.12"	"M1"
"ENSG00000189409.14"	"M6"
"ENSG00000124205.18"	"M1"
"ENSG00000146555.19"	"M2"
"ENSG00000253483.1"	"M5"
"ENSG00000223642.7"	"M11"
"ENSG00000211950.2"	"M3"
"ENSG00000268521.1"	"M7"
"ENSG00000128965.13"	"M3"
"ENSG00000216588.9"	"M2"
"ENSG00000176681.14"	"M1"
"ENSG00000276775.1"	"M3"
"ENSG00000286216.1"	"M2"
"ENSG00000197748.12"	"M14"
"ENSG00000259671.1"	"M11"
"ENSG00000174482.10"	"M6"
"ENSG00000138395.16"	"M12"
"ENSG00000253772.1"	"M1"
"ENSG00000142224.16"	"M8"
"ENSG00000080031.10"	"M1"
"ENSG00000170180.22"	"M5"
"ENSG00000241566.1"	"M3"
"ENSG00000260135.7"	"M3"
"ENSG00000187950.8"	"M1"
"ENSG00000166736.11"	"M2"
"ENSG00000211650.2"	"M3"
"ENSG00000248780.1"	"M1"
"ENSG00000287030.1"	"M1"
"ERVLB4_7q21.3b"	"M1"
"ENSG00000161681.15"	"M13"
"HERVS71_8p23.1b"	"M1"
"HERVW_2q13"	"M7"
"ENSG00000215559.8"	"M17"
"ENSG00000265992.1"	"M5"
"ENSG00000147689.16"	"M5"
"ENSG00000239855.1"	"M3"
"ENSG00000271046.1"	"M4"
"ENSG00000086967.10"	"M4"
"ENSG00000145358.6"	"M6"
"ENSG00000205300.3"	"M2"
"ENSG00000070159.14"	"M8"
"ENSG00000269954.2"	"M4"
"ENSG00000173320.12"	"M10"
"ENSG00000099864.18"	"M1"
"ENSG00000243772.8"	"M6"
"HERVFH19_12p11.21"	"M1"
"ENSG00000258484.4"	"M1"
"ENSG00000204850.4"	"M1"
"ENSG00000260859.1"	"M1"
"ENSG00000128322.7"	"M3"
"HERVH_3p14.3a"	"M5"
"ENSG00000137968.16"	"M11"
"ENSG00000264695.1"	"M12"
"ENSG00000285848.1"	"M1"
"ENSG00000218357.3"	"M2"
"HERVH_12p13.31e"	"M1"
"ENSG00000101115.13"	"M2"
"ENSG00000215397.4"	"M1"
"ENSG00000251623.2"	"M2"
"ENSG00000196159.11"	"M6"
"ENSG00000245812.3"	"M4"
"ENSG00000180999.11"	"M5"
"ENSG00000234156.3"	"M6"
"ENSG00000088053.11"	"M9"
"ENSG00000164112.13"	"M8"
"ENSG00000102794.10"	"M2"
"ERV316A3_6p25.1b"	"M7"
"ENSG00000282499.1"	"M1"
"ENSG00000224183.1"	"M1"
"ENSG00000198643.7"	"M2"
"ENSG00000225969.2"	"M1"
"ENSG00000243664.1"	"M1"
"ENSG00000206249.3"	"M10"
"ENSG00000224769.1"	"M2"
"HERV9_6q25.1"	"M4"
"HERVS71_14q32.33"	"M1"
"ENSG00000225476.1"	"M7"
"ENSG00000177103.15"	"M1"
"ENSG00000283445.1"	"M10"
"ENSG00000237917.1"	"M14"
"ENSG00000227028.6"	"M1"
"ENSG00000233098.9"	"M4"
"ENSG00000263624.1"	"M7"
"ENSG00000260947.1"	"M2"
"ENSG00000257956.1"	"M8"
"ENSG00000262488.1"	"M4"
"ENSG00000226751.2"	"M2"
"ENSG00000114933.16"	"M7"
"ENSG00000286689.1"	"M5"
"HERVS71_12p13.31a"	"M1"
"MER101_16p11.2c"	"M1"
"ENSG00000254602.2"	"M2"
"PABLA_5q33.3"	"M7"
"ENSG00000278991.1"	"M7"
"ENSG00000100362.13"	"M9"
"ENSG00000277349.1"	"M1"
"ENSG00000231419.6"	"M2"
"ENSG00000172460.17"	"M6"
"ENSG00000213386.3"	"M1"
"HML2_14q11.2"	"M1"
"ENSG00000259496.2"	"M1"
"ENSG00000256148.1"	"M1"
"ENSG00000226508.1"	"M6"
"ENSG00000225698.3"	"M3"
"ENSG00000253686.2"	"M3"
"MER41_1q25.3"	"M7"
"ENSG00000254395.1"	"M3"
"ENSG00000283063.1"	"M1"
"ERVLE_1q24.2"	"M1"
"ENSG00000282639.1"	"M3"
"ENSG00000130876.11"	"M1"
"ENSG00000229559.2"	"M1"
"ENSG00000137819.14"	"M1"
"ENSG00000249119.1"	"M7"
"ENSG00000254632.2"	"M1"
"ENSG00000160963.14"	"M1"
"ENSG00000215148.8"	"M12"
"ENSG00000282850.2"	"M12"
"ERVLE_1q21.1e"	"M11"
"ENSG00000178342.4"	"M1"
"ENSG00000231131.8"	"M9"
"ENSG00000258244.1"	"M1"
"ENSG00000128274.17"	"M5"
"ENSG00000271537.1"	"M1"
"ENSG00000282024.1"	"M5"
"ENSG00000121270.15"	"M1"
"ENSG00000226233.1"	"M7"
"ENSG00000124564.17"	"M1"
"HERVH_4q31.1a"	"M1"
"ERVLE_7q11.21"	"M1"
"ENSG00000259097.2"	"M13"
"ENSG00000239265.5"	"M1"
"ENSG00000211942.3"	"M3"
"ENSG00000227145.2"	"M1"
"ENSG00000257315.2"	"M7"
"ENSG00000223991.1"	"M17"
"MER4_12q12d"	"M2"
"ENSG00000254030.1"	"M4"
"ENSG00000177338.14"	"M6"
"ENSG00000280270.1"	"M2"
"ENSG00000213640.3"	"M2"
"ENSG00000130176.8"	"M9"
"ENSG00000226278.1"	"M8"
"ENSG00000283529.1"	"M1"
"ENSG00000287504.1"	"M7"
"ENSG00000204866.8"	"M1"
"ENSG00000187546.14"	"M1"
"ENSG00000254275.6"	"M2"
"ENSG00000165061.15"	"M1"
"ENSG00000211599.2"	"M3"
"ENSG00000243802.2"	"M1"
"ERV316A3_1q32.2a"	"M1"
"ENSG00000181143.15"	"M1"
"ENSG00000259520.6"	"M10"
"ENSG00000264764.1"	"M1"
"ENSG00000152253.9"	"M8"
"ENSG00000019186.10"	"M1"
"MER41_Xq24b"	"M1"
"ENSG00000238266.2"	"M6"
"ENSG00000127377.9"	"M1"
"ENSG00000249835.2"	"M7"
"HERVE_11q13.2b"	"M2"
"ENSG00000260615.1"	"M1"
"ENSG00000274376.4"	"M12"
"ENSG00000069535.14"	"M9"
"ENSG00000104970.11"	"M6"
"ENSG00000274736.5"	"M12"
"ENSG00000231616.9"	"M1"
"ENSG00000224237.1"	"M3"
"ENSG00000236333.4"	"M5"
"ENSG00000109794.13"	"M3"
"PRIMA41_16q24.3"	"M1"
"ENSG00000246228.6"	"M14"
"ENSG00000272864.1"	"M5"
"ENSG00000279537.1"	"M5"
"ENSG00000146950.13"	"M1"
"HERVP71A_1q44b"	"M2"
"HERVH_14q32.31c"	"M7"
"ENSG00000198723.11"	"M5"
"ENSG00000228549.4"	"M12"
"ENSG00000170689.10"	"M6"
"ERV316A3_5q35.2b"	"M2"
"ENSG00000253521.2"	"M1"
"ENSG00000215146.5"	"M7"
"LTR25_1q24.2"	"M1"
"ENSG00000274011.1"	"M11"
"ENSG00000131126.18"	"M15"
"ENSG00000229663.1"	"M1"
"ENSG00000235688.2"	"M2"
"HERVH_2p11.2c"	"M4"
"ENSG00000197859.10"	"M2"
"HML3_11q12.1"	"M1"
"ENSG00000278558.5"	"M8"
"ENSG00000285933.1"	"M12"
"HERVH_12q21.31"	"M1"
"PRIMA4_1q21.2d"	"M4"
"ENSG00000118523.6"	"M4"
"ENSG00000263006.6"	"M16"
"ENSG00000160200.17"	"M1"
"ENSG00000167858.13"	"M2"
"ENSG00000164265.9"	"M1"
"ERV316A3_6p22.1m"	"M1"
"ENSG00000258602.1"	"M1"
"ENSG00000274422.1"	"M7"
"ENSG00000150556.17"	"M4"
"ENSG00000286966.1"	"M1"
"ENSG00000115592.11"	"M1"
"ENSG00000112164.6"	"M1"
"ENSG00000087250.8"	"M2"
"ENSG00000201217.1"	"M7"
"ENSG00000152292.17"	"M1"
"ENSG00000268705.1"	"M11"
"HML2_6q25.1"	"M4"
"ENSG00000039560.14"	"M2"
"ENSG00000187870.7"	"M1"
"HERVH_1q42.13d"	"M5"
"ENSG00000229988.2"	"M5"
"HML2_4p16.1b"	"M12"
"HERVL66_17_GL000205v2_random(a)"	"M7"
"ENSG00000286481.1"	"M6"
"ENSG00000230606.11"	"M7"
"ENSG00000170624.13"	"M2"
"ENSG00000162594.16"	"M2"
"ENSG00000129951.18"	"M10"
"ENSG00000281969.1"	"M1"
"ENSG00000219470.1"	"M1"
"ENSG00000169174.10"	"M1"
"ENSG00000286848.1"	"M3"
"ENSG00000238222.3"	"M3"
"ENSG00000231090.2"	"M8"
"ENSG00000127074.14"	"M8"
"ENSG00000214776.12"	"M14"
"ENSG00000184012.12"	"M2"
"ENSG00000099725.14"	"M14"
"ENSG00000254851.1"	"M1"
"ENSG00000187987.9"	"M7"
"HERVI_18q21.1"	"M1"
"ENSG00000253998.3"	"M3"
"ENSG00000119888.10"	"M1"
"HERVK11_8p23.1b"	"M1"
"ENSG00000034239.11"	"M1"
"ENSG00000134121.10"	"M2"
"ENSG00000105609.16"	"M2"
"ENSG00000133454.15"	"M3"
"ENSG00000251381.8"	"M1"
"ENSG00000226085.3"	"M1"
"ENSG00000226334.1"	"M1"
"ENSG00000258525.2"	"M4"
"ENSG00000248472.8"	"M1"
"HML5_19p12a"	"M1"
"ENSG00000206344.7"	"M1"
"ENSG00000240694.9"	"M2"
"ENSG00000116147.17"	"M2"
"ENSG00000243491.1"	"M6"
"ENSG00000134201.12"	"M9"
"ENSG00000203757.2"	"M10"
"ENSG00000267452.3"	"M12"
"ENSG00000285984.1"	"M1"
"PABLB_8q24.3b"	"M2"
"ENSG00000279530.2"	"M7"
"ENSG00000211935.3"	"M3"
"ENSG00000225731.1"	"M2"
"ENSG00000285793.1"	"M1"
"ENSG00000144724.20"	"M3"
"ENSG00000151364.17"	"M2"
"ENSG00000162692.12"	"M8"
"ENSG00000258120.2"	"M2"
"ENSG00000270330.1"	"M1"
"ENSG00000279907.1"	"M1"
"ENSG00000278857.1"	"M3"
"ENSG00000240671.4"	"M3"
"ENSG00000137225.13"	"M9"
"ENSG00000276747.1"	"M4"
"ENSG00000270225.1"	"M7"
"ENSG00000172179.12"	"M1"
"HERVL_1q24.3"	"M1"
"ENSG00000253338.1"	"M3"
"ENSG00000251578.1"	"M1"
"ENSG00000219747.1"	"M1"
"ENSG00000245719.1"	"M10"
"ENSG00000115705.21"	"M2"
"ENSG00000261704.2"	"M3"
"ENSG00000204933.3"	"M1"
"HERVW_3q25.1a"	"M2"
"PRIMA41_19q13.2b"	"M1"
"ENSG00000172236.17"	"M1"
"ENSG00000259540.1"	"M7"
"ENSG00000197888.2"	"M3"
"ENSG00000282995.1"	"M1"
"ENSG00000280242.1"	"M4"
"ENSG00000238083.7"	"M1"
"HML3_1q44"	"M1"
"ENSG00000279928.2"	"M1"
"ENSG00000268433.1"	"M1"
"ENSG00000255582.1"	"M1"
"ENSG00000136244.12"	"M4"
"ENSG00000162631.18"	"M4"
"ENSG00000144847.13"	"M7"
"ENSG00000256050.2"	"M9"
"ENSG00000255133.2"	"M2"
"ERV316A3_6p22.1i"	"M1"
"ENSG00000258760.1"	"M4"
"ERV316A3_10q22.3d"	"M11"
"ENSG00000168309.18"	"M1"
"MER4B_11q22.3b"	"M1"
"ENSG00000211655.3"	"M3"
"ENSG00000257924.1"	"M1"
"ENSG00000259772.6"	"M3"
"ENSG00000261812.6"	"M1"
"ENSG00000251039.2"	"M3"
"ENSG00000168779.19"	"M1"
"ENSG00000231039.2"	"M1"
"ENSG00000280411.1"	"M3"
"ENSG00000170160.17"	"M4"
"ENSG00000211647.1"	"M3"
"ENSG00000197149.5"	"M4"
"ENSG00000286299.1"	"M7"
"MER101_5q35.3"	"M11"
"ENSG00000101638.13"	"M1"
"ENSG00000154556.18"	"M2"
"ENSG00000258907.2"	"M1"
"ENSG00000227242.4"	"M4"
"ENSG00000248385.8"	"M10"
"HERVH_1p32.3e"	"M1"
"ENSG00000188959.9"	"M1"
"ENSG00000271375.1"	"M3"
"ENSG00000157782.9"	"M11"
"HERVH_13q14.11a"	"M2"
"ENSG00000140538.16"	"M1"
"ENSG00000130600.19"	"M2"
"ENSG00000241772.2"	"M7"
"HERVL_6p21.33b"	"M1"
"ENSG00000259781.1"	"M8"
"HERVIP10FH_7p13"	"M1"
"ENSG00000287979.1"	"M4"
"ENSG00000184828.10"	"M2"
"HERVH_5p15.33"	"M2"
"ENSG00000204179.10"	"M1"
"ENSG00000243307.2"	"M1"
"ENSG00000198963.11"	"M6"
"ENSG00000267744.1"	"M13"
"ENSG00000250366.2"	"M4"
"ENSG00000109819.9"	"M2"
"ERVLE_1p36.13b"	"M1"
"ENSG00000272808.4"	"M1"
"ENSG00000286818.1"	"M1"
"ENSG00000005108.16"	"M15"
"HML2_3q21.2"	"M7"
"ENSG00000253971.1"	"M2"
"ENSG00000188582.9"	"M5"
"ENSG00000173714.8"	"M1"
"ENSG00000164379.7"	"M1"
"PRIMA41_17q21.31a"	"M7"
"HERVH_2q35c"	"M1"
"ENSG00000272505.1"	"M2"
"ENSG00000250461.1"	"M7"
"ENSG00000249763.1"	"M12"
"ENSG00000255776.1"	"M6"
"HERVFRD_1q44"	"M7"
"MER41_7q11.21i"	"M4"
"ENSG00000211767.1"	"M1"
"ENSG00000224513.2"	"M1"
"ENSG00000170786.12"	"M4"
"ENSG00000204347.4"	"M6"
"ENSG00000228334.2"	"M6"
"ENSG00000256518.3"	"M1"
"ENSG00000181240.14"	"M8"
"ENSG00000236283.5"	"M4"
"HERVH_15q25.2"	"M1"
"ENSG00000060566.14"	"M6"
"ENSG00000204529.4"	"M1"
"ENSG00000261453.2"	"M1"
"ENSG00000239793.1"	"M1"
"MER34B_7q11.23d"	"M11"
"ENSG00000285448.1"	"M2"
"ENSG00000285799.1"	"M1"
"HML2_11q23.3"	"M1"
"ENSG00000131142.13"	"M8"
"ENSG00000165633.13"	"M1"
"ENSG00000211979.2"	"M3"
"ENSG00000179428.2"	"M4"
"ENSG00000232599.1"	"M1"
"ENSG00000282651.2"	"M3"
"ENSG00000285366.1"	"M7"
"ENSG00000276085.1"	"M8"
"ENSG00000272824.1"	"M1"
"ENSG00000147862.17"	"M9"
"ENSG00000170500.12"	"M1"
"ENSG00000177359.20"	"M3"
"ENSG00000152785.7"	"M4"
"ENSG00000215475.5"	"M1"
"ENSG00000188958.9"	"M5"
"ENSG00000275158.1"	"M1"
"ENSG00000263574.2"	"M6"
"ENSG00000213231.13"	"M4"
"ENSG00000228834.1"	"M1"
"ENSG00000196611.5"	"M9"
"ENSG00000225612.2"	"M17"
"ENSG00000240233.3"	"M7"
"ENSG00000109472.14"	"M2"
"HERVFH19_1p36.23b"	"M10"
"ENSG00000179023.8"	"M15"
"ENSG00000240864.3"	"M3"
"ENSG00000253967.1"	"M3"
"ENSG00000177614.11"	"M2"
"ENSG00000211633.3"	"M3"
"ENSG00000174950.11"	"M4"
"ENSG00000230387.4"	"M1"
"ENSG00000183196.10"	"M8"
"ENSG00000286978.1"	"M2"
"ENSG00000260671.2"	"M1"
"PRIMA41_19q13.2a"	"M1"
"ENSG00000272405.1"	"M3"
"ENSG00000270325.1"	"M1"
"HERVIP10F_19p13.2b"	"M1"
"ENSG00000229205.5"	"M1"
"HERVH_8q24.21a"	"M14"
"ENSG00000271569.1"	"M3"
"ENSG00000235546.2"	"M8"
"MER41_9p13.3a"	"M15"
"ENSG00000211661.2"	"M3"
"PRIMA4_1q21.2c"	"M1"
"ENSG00000236785.1"	"M1"
"ENSG00000162627.17"	"M1"
"ENSG00000266541.1"	"M7"
"ENSG00000253481.2"	"M3"
"ENSG00000122870.12"	"M2"
"ENSG00000229093.1"	"M5"
"MER101_16p11.2d"	"M1"
"ENSG00000151632.17"	"M1"
"ENSG00000187951.11"	"M1"
"ENSG00000285881.1"	"M1"
"HARLEQUIN_11q12.2a"	"M15"
"ENSG00000267339.7"	"M1"
"ERVLB4_11p15.4a"	"M1"
"ENSG00000112333.11"	"M1"
"ENSG00000243870.3"	"M1"
"ENSG00000165066.13"	"M4"
"ENSG00000154529.14"	"M1"
"ENSG00000284070.1"	"M4"
"MER4_14q32.33c"	"M1"
"ENSG00000228835.1"	"M4"
"PABLA_6p12.3"	"M10"
"ENSG00000281128.2"	"M2"
"ENSG00000224858.5"	"M1"
"ENSG00000244921.2"	"M1"
"ENSG00000243953.1"	"M1"
"ENSG00000173213.9"	"M1"
"HERVH_3p22.3a"	"M4"
"ENSG00000211684.2"	"M3"
"ENSG00000287583.1"	"M12"
"ENSG00000121380.12"	"M2"
"ENSG00000275216.2"	"M1"
"HML3_3q13.11b"	"M3"
"HERVS71_3q21.2"	"M1"
"ENSG00000218048.2"	"M1"
"ENSG00000169071.15"	"M3"
"ENSG00000106571.14"	"M2"
"ENSG00000166278.15"	"M2"
"ENSG00000225449.3"	"M1"
"ENSG00000232117.2"	"M6"
"ENSG00000223931.2"	"M3"
"ENSG00000118492.17"	"M1"
"ENSG00000211691.2"	"M1"
"ENSG00000211654.2"	"M3"
"HERVW_19p12b"	"M1"
"ENSG00000130720.13"	"M17"
"MER101_1p22.2b"	"M2"
"ENSG00000282996.1"	"M1"
"HUERSP3_7q31.1"	"M7"
"ENSG00000253924.2"	"M4"
"ENSG00000270921.1"	"M1"
"ENSG00000149256.16"	"M8"
"ENSG00000272636.4"	"M2"
"ENSG00000275647.1"	"M1"
"ENSG00000237361.3"	"M10"
"ENSG00000214888.3"	"M5"
"ENSG00000236209.1"	"Not.Correlated"
"ENSG00000155070.8"	"M1"
"ENSG00000226806.1"	"M1"
"ENSG00000101197.13"	"M6"
"MER41_Xq11.1c"	"M1"
"HERVP71A_12p13.33a"	"M1"
"HERVH_6p23"	"M4"
"ENSG00000287317.1"	"M1"
"PRIMA41_18p11.32"	"M1"
"ENSG00000077063.11"	"M8"
"HERVL_11q12.1c"	"M2"
"HERVS71_8p23.1a"	"M1"
"ENSG00000232177.1"	"M3"
"ENSG00000232629.9"	"M4"
"ENSG00000205578.6"	"M1"
"ENSG00000287763.1"	"M14"
"HERVI_12p13.31"	"M1"
"ENSG00000156234.7"	"M8"
"HERVK14C_7q36.1"	"M1"
"ENSG00000134873.10"	"M2"
"MER101_14q32.33"	"M4"
"ENSG00000284914.1"	"M4"
"ENSG00000213331.4"	"M5"
"HERVH_5q32b"	"M1"
"ENSG00000279092.1"	"M2"
"ENSG00000107447.8"	"M1"
"ENSG00000258473.2"	"M1"
"HERVH_1q31.1a"	"M1"
"ENSG00000102539.5"	"M10"
"HERVE_7p22.1c"	"M9"
"ENSG00000223648.4"	"M3"
"ENSG00000214237.11"	"M1"
"ENSG00000239571.1"	"M3"
"ENSG00000287063.1"	"M15"
"ENSG00000105976.15"	"M8"
"ENSG00000260318.1"	"M1"
"ENSG00000084628.10"	"M2"
"ENSG00000177519.4"	"M1"
"ENSG00000224607.4"	"M3"
"ENSG00000146250.7"	"M2"
"ENSG00000173239.14"	"M2"
"ENSG00000224049.1"	"M1"
"ENSG00000204267.15"	"M14"
"ENSG00000281741.2"	"M3"
"ENSG00000249858.2"	"M1"
"ENSG00000131771.14"	"M1"
"ENSG00000273796.1"	"M5"
"ENSG00000259031.1"	"M8"
"ENSG00000253460.2"	"M3"
"ENSG00000249669.10"	"M10"
"ENSG00000228696.9"	"M1"
"ENSG00000142611.17"	"M1"
"ENSG00000181234.9"	"M2"
"ENSG00000253853.2"	"M1"
"ENSG00000206531.10"	"M15"
"ENSG00000182013.18"	"M13"
"ERV316A3_3q13.31a"	"M1"
"ENSG00000223486.1"	"M9"
"ENSG00000172799.5"	"M1"
"ENSG00000103175.11"	"M10"
"ENSG00000211967.3"	"M3"
"HERVH_1q32.1b"	"M1"
"ERVLE_17q25.1b"	"M8"
"ENSG00000185640.6"	"M5"
"HERVH_11q13.4b"	"M12"
"HERVH_3q21.2a"	"M1"
"ENSG00000249633.1"	"M2"
"ENSG00000129990.15"	"M8"
"ENSG00000230666.5"	"M1"
"ENSG00000251517.1"	"M7"
"MER61_4q31.23"	"M11"
"ENSG00000261834.2"	"M3"
"HERVL_1p22.2d"	"M2"
"ENSG00000211891.6"	"M4"
"ENSG00000213023.11"	"M1"
"HERVH_11q23.3a"	"M4"
"ENSG00000227619.3"	"M8"
"ERVLB4_14q23.3"	"M4"
"ENSG00000233419.3"	"M1"
"ENSG00000211972.2"	"M3"
"ERVLE_2p14b"	"M3"
"ENSG00000089199.10"	"M1"
"ENSG00000267262.1"	"M2"
"ENSG00000138207.14"	"M2"
"MER4_1_KI270706v1_random"	"M2"
"ENSG00000102271.14"	"M6"
"ENSG00000253314.7"	"M1"
"HERV3_11p14.1"	"M6"
"ENSG00000279891.1"	"M1"
"ENSG00000236948.2"	"M2"
"ENSG00000238012.2"	"M1"
"ENSG00000102854.16"	"M1"
"ENSG00000142178.9"	"M3"
"ENSG00000187730.9"	"M9"
"ENSG00000165863.17"	"M15"
"ENSG00000259680.5"	"M3"
"ENSG00000237470.3"	"M5"
"ERVLE_8q12.3f"	"M10"
"HUERSP1_11p15.4a"	"M4"
"HERVH_9p13.3a"	"M1"
"ENSG00000231245.2"	"M8"
"ENSG00000260075.1"	"M1"
"ENSG00000256875.2"	"M9"
"ENSG00000233252.1"	"M1"
"ENSG00000155011.9"	"M1"
"ENSG00000184304.15"	"M3"
"ENSG00000283648.1"	"M2"
"ENSG00000162878.13"	"M1"
"HERVH_12q22"	"M1"
"ENSG00000255029.2"	"M6"
"ENSG00000111339.12"	"M5"
"ENSG00000006042.12"	"M5"
"ENSG00000197253.13"	"M1"
"ENSG00000138684.9"	"M1"
"ENSG00000238009.6"	"M1"
"ENSG00000172971.7"	"M1"
"ENSG00000271130.1"	"M3"
"ENSG00000266265.3"	"M1"
"ERVLB4_12q13.2b"	"M1"
"ENSG00000165349.12"	"M1"
"ENSG00000213025.2"	"M1"
"HML6_3p21.31a"	"M2"
"ENSG00000204455.7"	"M15"
"ENSG00000218274.2"	"M1"
"ENSG00000215096.3"	"M1"
"ENSG00000272501.1"	"M1"
"ENSG00000228793.2"	"M13"
"ENSG00000174358.16"	"M5"
"ENSG00000227557.1"	"M7"
"ENSG00000282122.1"	"M3"
"ENSG00000235782.1"	"M15"
"ENSG00000064655.19"	"M3"
"ENSG00000240409.1"	"M8"
"ENSG00000254132.1"	"M1"
"ENSG00000229604.2"	"M1"
"ENSG00000067048.17"	"M14"
"HERVW_2p25.3"	"M2"
"HERVFH21_13q31.1"	"M1"
"ENSG00000214922.9"	"M1"
"ENSG00000231475.3"	"M3"
"ENSG00000211968.3"	"M3"
"ENSG00000157335.20"	"M1"
"ENSG00000017427.16"	"M3"
"HERV9_3p24.3"	"M1"
"HERVH_8p23.1c"	"M1"
"ENSG00000259626.2"	"M1"
"ENSG00000066405.13"	"M10"
"ENSG00000280266.1"	"M2"
"ENSG00000225544.1"	"M3"
"ENSG00000132967.9"	"M8"
"ENSG00000231331.1"	"M3"
"ENSG00000180251.5"	"M1"
"ENSG00000213153.3"	"M1"
"ENSG00000101276.17"	"M1"
"ENSG00000164741.15"	"M3"
"ENSG00000184492.6"	"M1"
"ENSG00000261613.2"	"Not.Correlated"
"ENSG00000271178.1"	"M3"
"ENSG00000286419.1"	"M10"
"MER4B_11q22.3a"	"M1"
"ENSG00000172818.10"	"M2"
"ENSG00000137869.15"	"M1"
"ENSG00000240534.1"	"M4"
"ENSG00000135298.14"	"M1"
"ENSG00000227632.2"	"M1"
"ENSG00000258878.1"	"M4"
"ENSG00000142973.14"	"M1"
"HERVH_3q13.31a"	"M1"
"HERVH_4q22.3a"	"M1"
"ENSG00000186487.19"	"M5"
"ENSG00000204670.7"	"M3"
"ENSG00000128683.14"	"M11"
"ENSG00000095917.14"	"M1"
"ERVLE_7q34d"	"M1"
"HARLEQUIN_17q25.3b"	"M2"
"ENSG00000214050.8"	"M3"
"ENSG00000213104.3"	"M5"
"ENSG00000244399.3"	"M1"
"ENSG00000253228.1"	"M1"
"ENSG00000091656.19"	"M5"
"ENSG00000225603.3"	"M4"
"ENSG00000163646.11"	"M1"
"ENSG00000233999.3"	"M3"
"ENSG00000158865.12"	"M1"
"ENSG00000241294.1"	"M3"
"ENSG00000234665.9"	"M4"
"ENSG00000230521.1"	"M1"
"ENSG00000137709.10"	"M1"
"ENSG00000228476.2"	"M6"
"HERVH_7p14.1"	"M1"
"MER61_6q13a"	"M4"
"ERVL_10q11.22a"	"M7"
"ENSG00000274767.1"	"M8"
"ENSG00000248874.5"	"M2"
"ENSG00000204644.9"	"M8"
"ENSG00000271952.2"	"M1"
"HERVH_8p23.1i"	"M1"
"HERVW_1q32.1"	"M1"
"ENSG00000233308.2"	"M5"
"ENSG00000279127.1"	"M10"
"ENSG00000260412.1"	"M2"
"ENSG00000104055.16"	"M1"
"ENSG00000166741.7"	"M10"
"ENSG00000168269.10"	"M12"
"ENSG00000254781.1"	"M10"
"ENSG00000187569.3"	"M1"
"ENSG00000166268.11"	"M5"
"ERVLB4_8q21.13d"	"M4"
"ENSG00000188393.9"	"M1"
"ENSG00000279359.1"	"M1"
"ENSG00000283378.1"	"M1"
"ENSG00000277282.1"	"M3"
"ENSG00000263958.2"	"M4"
"ENSG00000228570.7"	"M3"
"ENSG00000188000.5"	"M1"
"HML3_7p11.2c"	"M4"
"HERVH_4q22.1d"	"M2"
"ENSG00000162598.13"	"M9"
"HML3_7q36.3"	"M2"
"ENSG00000274276.4"	"M1"
"ENSG00000170484.10"	"M2"
"ENSG00000233896.2"	"M1"
"ENSG00000255477.1"	"M5"
"ENSG00000135903.19"	"M2"
"HERVE_8p23.1d"	"M4"
"ENSG00000204894.4"	"M8"
"ENSG00000241641.1"	"M11"
"ENSG00000253755.1"	"M3"
"ENSG00000163518.11"	"M8"
"ENSG00000228050.1"	"M6"
"HERVH_15q26.3a"	"M1"
"ENSG00000169575.5"	"M4"
"ENSG00000271892.1"	"M1"
"HERVH_20p12.1c"	"M4"
"LTR57_19p13.12"	"M1"
"ENSG00000251129.2"	"M1"
"ENSG00000069011.16"	"M8"
"ENSG00000266302.6"	"M4"
"ENSG00000261456.5"	"M1"
"ENSG00000249780.1"	"M1"
"ENSG00000286272.1"	"M1"
"ENSG00000224715.1"	"M2"
"ENSG00000134363.12"	"M2"
"ENSG00000243290.3"	"M3"
"ENSG00000144035.4"	"M8"
"ENSG00000144460.12"	"M5"
"ENSG00000230481.2"	"M3"
"ENSG00000189253.7"	"M15"
"ENSG00000267780.2"	"M1"
"HARLEQUIN_2p24.3"	"M1"
"ENSG00000170153.11"	"M1"
"MER4B_11p15.4"	"M1"
"ENSG00000253448.1"	"M3"
"ENSG00000178343.5"	"M3"
"ERV316A3_6q23.2b"	"M4"
"ENSG00000228157.4"	"M1"
"ENSG00000187135.7"	"M6"
"HML2_8p23.1c"	"M1"
"ENSG00000198108.4"	"M6"
"ENSG00000243144.7"	"M1"
"ENSG00000235272.2"	"M4"
"ENSG00000229792.1"	"M1"
"ENSG00000236384.7"	"M1"
"HARLEQUIN_Xq24"	"M1"
"ENSG00000011465.17"	"M15"
"ENSG00000226496.3"	"M12"
"ENSG00000224091.1"	"M5"
"ENSG00000092345.13"	"M4"
"ENSG00000166796.12"	"M11"
"ENSG00000222898.1"	"M1"
"ENSG00000163873.10"	"M4"
"HERVL_1q21.2b"	"M11"
"ENSG00000281831.1"	"M1"
"ENSG00000265574.1"	"M1"
"HERVE_11q13.4d"	"M7"
"ENSG00000270405.1"	"M8"
"ENSG00000255484.2"	"M1"
"ENSG00000229019.1"	"M1"
"ENSG00000232842.2"	"M9"
"ENSG00000267589.1"	"M2"
"HUERSP2_14q31.3"	"M1"
"ENSG00000211656.3"	"M3"
"ENSG00000131885.17"	"M1"
"ENSG00000239819.2"	"M3"
"ERVLE_1q32.2a"	"M1"
"ENSG00000060709.15"	"M1"
"ENSG00000262585.1"	"M3"
"MER61_12p13.31b"	"M1"
"MER101_16p12.2c"	"M1"
"HERVH_9q21.33f"	"M1"
"HERVH_1p31.3c"	"M1"
"ENSG00000187627.15"	"M1"
"ENSG00000188643.11"	"M1"
"ENSG00000272837.1"	"M1"
"HERVL_1q21.2a"	"M8"
"HERVH_19q13.42a"	"M5"
"ENSG00000189377.9"	"M2"
"ENSG00000066032.18"	"M15"
"ERVLE_9q34.3a"	"M1"
"ERVLB4_3p21.31c"	"M6"
"ENSG00000173253.15"	"M6"
"ENSG00000255120.5"	"M2"
"HERVH_2p11.2d"	"M3"
"ENSG00000258791.9"	"M5"
"ENSG00000278969.1"	"M1"
"ENSG00000114374.13"	"M14"
"ENSG00000281990.1"	"M8"
"ENSG00000226102.3"	"M1"
"ENSG00000265190.6"	"M10"
"MER101_5q35.2e"	"M11"
"ENSG00000287998.1"	"M10"
"ENSG00000270467.1"	"M3"
"HERVH_9q33.2a"	"M5"
"ENSG00000183878.15"	"M14"
"HERVH_Xq23d"	"M1"
"ENSG00000226259.10"	"M1"
"ENSG00000211713.3"	"M8"
"ENSG00000133937.4"	"M6"
"ENSG00000283537.2"	"M14"
"ENSG00000271523.1"	"M1"
"MER101_1q42.13a"	"M8"
"ENSG00000232654.1"	"M2"
"HML1_1q32.1"	"M1"
"LTR23_7q11.23b"	"M1"
"ENSG00000188573.8"	"M1"
"ENSG00000223629.1"	"M10"
"HERVFRD_2p25.3"	"M11"
"HERVH_5q13.3a"	"M10"
"ENSG00000129824.16"	"M14"
"HARLEQUIN_4q13.2a"	"M3"
"ENSG00000211952.3"	"M3"
"HML3_8q11.1b"	"M1"
"ENSG00000157150.5"	"M1"
"ENSG00000224389.9"	"M5"
"ENSG00000141316.13"	"M3"
"ENSG00000223318.1"	"M4"
"ENSG00000012817.15"	"M14"
"MER41_Xq24a"	"M1"
"ENSG00000230699.2"	"M11"
"ENSG00000164692.17"	"M3"
"ENSG00000213130.3"	"M1"
"ENSG00000108688.11"	"M2"
"ENSG00000104723.21"	"M12"
"HERVE_12p13.31b"	"M1"
"HERVE_8p23.1e"	"M1"
"ENSG00000161133.16"	"M2"
"ENSG00000182263.14"	"M1"
"ENSG00000183831.7"	"M2"
"HML2_15q25.2"	"M1"
"ENSG00000164756.12"	"M1"
"ENSG00000270748.1"	"M3"
"ENSG00000211611.2"	"M3"
"ENSG00000233569.2"	"M1"
"ENSG00000231386.1"	"M10"
"ENSG00000278599.5"	"M3"
"ENSG00000260265.1"	"M3"
"ENSG00000189182.10"	"M8"
"ENSG00000244306.11"	"M1"
"ENSG00000211626.2"	"M3"
"MER4_3q29a"	"M3"
"ERV316A3_1q42.2a"	"M1"
"HERVH_1p36.32c"	"M1"
"ENSG00000198692.10"	"M14"
"HERVH_Xp22.32b"	"M1"
"ENSG00000234147.1"	"M2"
"ENSG00000139329.5"	"M1"
"HERVS71_19q13.11b"	"M1"
"ENSG00000227827.3"	"M1"
"ENSG00000237674.1"	"M5"
"HERVW_6q15"	"M4"
"ENSG00000248538.8"	"M1"
"ENSG00000255151.2"	"M4"
"ENSG00000132972.19"	"M2"
"ENSG00000186207.5"	"M10"
"ENSG00000199668.1"	"M2"
"HERVH_8q22.2"	"M4"
"HERVH_1q32.1a"	"M1"
"ENSG00000262188.2"	"M1"
"ERV316A3_3p25.2d"	"M7"
"ENSG00000228753.1"	"M5"
"ENSG00000225542.2"	"M1"
"HERVH_3q13.11"	"M1"
"ENSG00000207340.1"	"M1"
"HML3_19p12d"	"M1"
"ENSG00000267320.5"	"M1"
"ENSG00000233932.6"	"M1"
"ENSG00000136099.13"	"M12"
"HML5_Xq13.1b"	"M1"
"HERVH_2p13.3b"	"M5"
"ENSG00000211974.3"	"M3"
"ENSG00000234200.2"	"M1"
"HML5_14q32.33b"	"M3"
"MER101_6q27d"	"M5"
"HML5_Xq13.1a"	"M1"
"ERVLE_13q33.3d"	"M1"
"ENSG00000287043.1"	"Not.Correlated"
"ENSG00000156575.2"	"M11"
"ENSG00000268186.1"	"M9"
"ENSG00000244752.3"	"M8"
"HERVL_15q11.2"	"M1"
"HUERSP2_7p21.1"	"M7"
"HERVH_6q22.33"	"M1"
"ENSG00000211946.3"	"M3"
"ENSG00000131002.12"	"M14"
"ENSG00000227582.2"	"M4"
"ERV316A3_2q14.1e"	"M1"
"ENSG00000220586.2"	"M12"
"HML4_7q22.1"	"M1"
"ERV316A3_10q23.2a"	"M1"
"PRIMA41_10p15.3"	"M1"
"ENSG00000237799.2"	"M1"
"HERVH_16q21b"	"M1"
"ENSG00000067646.12"	"M14"
"ENSG00000287376.1"	"M14"
"HERV30_Xq21.1"	"M1"
"MER61_12p13.31c"	"M1"
"ENSG00000287134.1"	"M3"
"ENSG00000249203.2"	"M4"
"HML2_7p22.1"	"M11"
"MER41_Xq11.1b"	"M1"
"ENSG00000137558.9"	"M1"
"MER4_20p13a"	"M1"
"HERVH_9q22.31b"	"M1"
"ENSG00000223638.3"	"M4"
"ENSG00000095203.14"	"M2"
"HERVIP10FH_15q13.3"	"M7"
"ENSG00000250658.1"	"M1"
"ENSG00000267449.1"	"M1"
"ENSG00000225760.2"	"M10"
"ENSG00000171360.3"	"M8"
"ERVLE_1p36.11c"	"M2"
"ENSG00000238245.2"	"M4"
"MER34B_7q11.23e"	"M1"
"ERVLE_1q21.1c"	"M1"
"HERVH_11q13.2f"	"M5"
"ENSG00000277053.4"	"M5"
"ENSG00000176728.9"	"M14"
"ERVLB4_12p13.31f"	"M1"
"ENSG00000244227.7"	"M1"
"HML3_1q21.3c"	"M1"
"HML2_5q33.3"	"M1"
"ENSG00000187773.8"	"M9"
"ENSG00000256377.6"	"M1"
"ERVLE_1q21.1b"	"M1"
"HML3_4q28.3a"	"M11"
"HERVH_1q42.2c"	"M1"
"ENSG00000115380.20"	"M14"
"HERVK11D_6p12.3"	"Not.Correlated"
"ENSG00000215580.11"	"M14"
"ERV316A3_10q23.2b"	"M1"
"HERVE_8p23.1g"	"M1"
"ENSG00000229236.3"	"M14"
"HERVL_1p11.2"	"M1"
"HERVH_11q24.1b"	"M1"
"ENSG00000144820.8"	"M3"
"HERVL_1q21.1a"	"M1"
"ENSG00000231535.7"	"M14"
"ENSG00000154620.6"	"M14"
"ENSG00000241859.7"	"M14"
"ENSG00000260197.1"	"M14"
"ENSG00000203972.10"	"M1"
"HML5_Yq11.223g"	"M14"
"ERVLE_17q21.2b"	"M1"
"HERV9_Yq11.221d"	"M14"
"ENSG00000126890.13"	"M6"
"HERV3_Yp11.2a"	"M14"
"MER4_Yq11.221b"	"M14"
"LTR19_Yq11.223a"	"M14"
"ENSG00000278097.1"	"M3"
"LTR25_Yq11.223h"	"M14"
