"modules"	"V2"	"V3"	"V4"	"V5"	"V6"	"V7"	"V8"	"V9"	"V10"	"V11"	"V12"	"V13"	"V14"	"V15"	"V16"	"V17"	"V18"	"V19"	"V20"	"V21"	"V22"	"V23"	"V24"	"V25"	"V26"	"V27"	"V28"	"V29"	"V30"	"V31"	"V32"	"V33"	"V34"	"V35"	"V36"	"V37"	"V38"	"V39"	"V40"	"V41"	"V42"	"V43"	"V44"	"V45"	"V46"	"V47"	"V48"	"V49"	"V50"	"V51"	"V52"	"V53"	"V54"	"V55"	"V56"	"V57"	"V58"	"V59"	"V60"	"V61"	"V62"	"V63"	"V64"	"V65"	"V66"	"V67"	"V68"	"V69"	"V70"	"V71"	"V72"	"V73"	"V74"	"V75"	"V76"	"V77"	"V78"	"V79"	"V80"	"V81"	"V82"	"V83"	"V84"	"V85"	"V86"	"V87"	"V88"	"V89"	"V90"	"V91"	"V92"	"V93"	"V94"	"V95"	"V96"	"V97"	"V98"	"V99"	"V100"
"M1"	0.0195788323928228	0.0715667117003158	-0.014671717707021	0.163769680960285	0.139596483189645	0.166603034252933	-0.0730323601465613	0.04910155379047	0.0550984984617573	-0.00749909006519812	-0.120252523865975	-0.0589354422612751	-0.0609230485282043	-0.0463594505984887	-0.0425657629467273	-0.0776946652852467	-0.00641111986859033	0.163687069853134	-0.0885820039355841	-0.11486745409233	0.0103193994944115	0.0631023057211842	-0.100089247733667	0.0692048293565729	-0.0267203511770308	0.173959160826592	0.210133609717881	-0.176029495425164	-0.0968806148162535	-0.106033442125119	-0.147080068610142	-0.0426285750313766	-0.0462517002031994	0.120965052010364	0.120664785055744	-0.0964013348423429	-0.142714697496253	-0.0265870886290264	-0.00719771051240091	0.151304531184289	0.114272157954653	-0.0850810758275064	-0.0684321811224169	-0.0956587264968375	0.013199857697331	0.00927959935817892	-0.0277078300141383	-0.0629900410934371	-0.11564496037706	-0.0293805879973943	-0.0753013890511011	-0.0785998840597171	0.122046330432583	0.183710460936671	-0.0188787957735885	-0.0410589641087872	-0.0720186604334682	-0.135099074272976	0.0923029015018109	0.196617945716871	0.0895624031697408	0.0637876604286541	0.0132654165494661	0.158970931008535	0.0958235578460831	0.0718546841452911	-0.106355723874707	-0.100476730306825	0.0176121711652249	-0.0540028164915183	-0.048290730024135	0.156507158357782	0.0296475846756631	0.0124019360598641	0.182252043882678	0.193147534681858	0.00447238205175376	0.138704976615403	-0.116183610278847	-0.0807047140084838	-0.215514181802289	0.196141070461882	0.00184082230770379	-0.156417664846667	-0.114947603845403	-0.0413857172687321	-0.0416365715811098	-0.083345563782964	-0.0579365415670687	0.00483992443880004	0.00770821298046629	-0.0460642849065986	0.0651590244811131	0.0915836038759769	-0.00381546036739578	0.0102919951148448	-0.0705830149672701	0.0210309224106834	-0.136768741824347
"M10"	-0.0259896359597185	0.18546297528393	-0.150006437370286	0.0944474630647519	0.111514981681189	0.00694748520917646	-0.108355104754085	-0.0627543505159874	0.108297287981169	0.201810687513974	-0.0937577092241036	-0.0859588371338869	-0.133812666641805	0.00661188296122458	-0.0869849487420407	-0.113956439001826	-0.0280511182204616	0.209264697057775	-0.0835584794527938	-0.0988913972236773	-0.0117733178840624	-0.068169878303099	-0.136100445741974	0.00682731727889516	-0.0777642856668797	-0.0377342684579278	-0.000333573075181637	-0.035799419805321	0.00788267583638369	-0.0452864169451407	-0.117681823377395	0.0367539181039898	0.0754585351793471	-0.0105980386117929	-0.0171031366533502	-0.0929737376711538	0.136920974154168	-0.109975804283391	0.0356323383972488	-0.0487509155667658	-0.0221214994617261	-0.0154750400038372	-0.115294230351167	-0.0224847422097557	-0.0731598762075585	-0.03567162773514	-0.0504765999142257	0.0882558472134985	-0.00545295638587861	0.0379746880937995	-0.133982094533434	-0.0369885502286832	0.0369063230963901	-0.0407116463732965	0.00110078718563918	0.168431954471956	-0.0393599693730955	0.00902864829250179	0.222669600059086	-0.0707654288021326	-0.0409929396877735	0.0209773889371707	0.0489369315584115	0.0477740394721613	0.179976044743394	0.0594457983589342	0.0513411543849143	-0.0660950391444906	0.0582954633939859	-0.0985658280375842	-0.0360417492533191	0.171388940635942	0.018900182448061	0.102444938346563	0.0441774441035497	0.168825459798749	-0.0893143548063642	-0.0491357624073007	-0.143270409030263	-0.0975996394190639	-0.177212856802092	0.0872975964658971	-0.0916567261100499	-0.130980687044288	-0.0550546279965753	-0.0901697601736306	0.0885803497120355	0.00938525917454873	0.0687350435626328	0.287089681395107	0.294824036925148	0.129924456480898	-0.0634478143311668	0.0983585322612339	0.0234846577320784	-0.0455747863140041	-0.118166468238584	-0.0397215087123992	0.128702937365477
"M11"	-0.0154036506488029	0.0349502441138373	0.0124598595983888	0.134982878148991	-0.13219244075036	0.191819709282572	0.0292815365707241	0.0200148233215906	0.150540948740049	0.060742095830683	-0.02187788919538	-0.0252802407677178	-0.141804741719911	-0.184416877126362	0.00595535335030486	-0.0298410467613668	-0.0923579498973343	-0.135832329688619	-0.0175494385914295	-0.106954183964707	-0.290600018174064	0.0182009450499253	0.0741063533037736	0.103529073429119	0.085174156728508	0.0283125174092677	0.126671179958209	-0.011337307272241	-0.0539424689810973	0.00541052977075389	-0.0866813449644029	0.00291931010283492	-0.309093949569658	0.0466970671226923	0.215991562450183	0.0154331931214121	0.0523035815833701	-0.156670641397675	-0.0774774722529635	0.137948384776856	0.0780000001262839	0.0319231301708686	-0.0576336592958799	-0.0054155867878834	0.140232006133749	0.0579771877555968	0.045750758348125	-0.0364835219382334	-0.0881685048935994	-0.151529455299392	-0.0220520652052839	-0.0503834324737145	-0.00685101735314335	0.0679103038997666	-0.091490312292003	-0.0837665811624494	-0.127605586066496	-0.190878147977784	0.0903480176309718	0.0119257357936095	0.00590066639484764	0.0360704823405671	0.080610254872133	0.0659496791719948	0.116430451834645	0.0590155178715049	0.119590702959419	-0.0550651865802721	-0.0116181961639958	-0.13786108300229	0.0187963905236939	-0.224721458019624	0.0394451488624074	-0.0587823096545961	0.155265000250067	0.188020729697265	0.00414889919456646	0.122084179830633	-0.0301644584985419	-0.100696191714267	0.015545860362759	0.0412201118113607	-0.00721921178274524	-0.00538707468708252	0.0638170144412856	0.0758653876226281	0.0804117874440186	0.0622276709760786	0.0311794646091025	0.165728073596379	-0.093732409997311	-0.0740750757342084	0.03051358419089	0.085780344957365	0.104372691883877	-0.0283617024051604	-0.0477883065765203	-0.0110615644700162	-0.15739644756592
"M12"	0.0723791762977212	0.038109068028322	0.0242885522522041	-0.131407462313671	-0.00467507082855244	-0.201267611408171	-0.0407856114972679	0.0122029305780546	-0.0560762193126345	0.0441775845262604	0.0151556593513462	0.0695676974091344	0.0816284056500542	0.050412688405717	0.0381565437928174	0.211038671153567	0.132549453146041	-0.0613370850157847	0.0800056329013294	0.112318220847341	0.0561581200568806	0.111635240389518	0.0708230052362381	-0.0530314216747211	0.179208303391337	-0.0654262042119721	-0.0519774843811209	0.017551218401755	0.0288324334549884	0.0187294058940223	0.0110846353707713	-0.0787420344983385	-0.100653945630247	-0.0221427614867601	-0.176291248511707	0.069805841489602	-0.17049145705395	0.341183828094675	0.132895835054972	-0.0680909255162321	-0.129401348798774	-0.0844544103855521	0.0985144477565373	-0.0893339570058459	0.0560940697123669	-0.226496731216808	-0.0558714955583233	0.0112379212506252	-0.187838009994375	0.0181920072130716	0.0624922053124077	0.16895401517321	0.236134568511855	-0.10471908711792	0.0693686851802905	-0.0113821798599814	0.0432300419737734	0.0881929626672268	-0.116022546433565	-0.144589320630343	0.0983531319479823	-0.0826033092125958	0.0977877159377687	0.055041334508902	-0.0631257015789504	-0.143096910302833	0.00190680464284737	-0.104750538434237	-0.0808841922852758	0.163232372884334	0.0378565151451979	-0.0873592937112747	-0.0560052124008288	0.128574275608679	-0.162347387531799	-0.0651316291139996	0.104401006528554	-0.0773840679406368	0.0586587682040283	-0.14382994059616	-0.0337017086075814	-0.131261934199818	-0.0780710042920058	0.0473622163365827	0.0897372913330655	0.0851503760468291	0.0295129068908834	-0.0382291746086947	-7.52910060774906e-05	0.0933123427202069	-0.0546287397527037	-0.0123359288648196	-0.0140870091377929	-0.0370479677724844	-0.0143177953267454	0.0335482559493391	-0.0312855902005904	-0.016832651990018	-0.035845781400692
"M13"	-0.0616727462989241	-0.0388012750563308	0.0229737607872482	0.0119869342108657	-0.115854649754592	0.0246780277766652	-0.0589917966967812	0.00896195531224837	0.0592569906043261	-0.0164988322675866	0.11251084953988	0.007144335064712	-0.0214415342956619	0.0889850500567034	0.100652189262215	0.0689801281137536	0.0174201309924966	-0.121457000363288	-0.163369600015331	0.120678079643652	-0.0112077292076077	0.0246401000464971	0.0607610073056199	-0.215801058614678	0.0899121070100675	0.0448332942209241	-0.0643588046238852	0.187086519673899	0.157979001037777	-0.082165006720212	0.0615998170648448	-0.0451891364020316	-0.00835253782817563	-0.0645271748905383	0.00907170878249354	0.155791040111114	0.0964964273003008	0.0397707741032254	-0.00231970515771234	-0.0227541445202651	0.0594745588987187	0.0126703218488769	0.0157326606451586	0.0926136923055605	-0.0985320171674404	-0.0854103866874486	-0.040754285784055	0.209783104243035	-0.122345844719685	-0.0954007917027912	0.0175703374745448	0.126310904949424	-0.0169384023625611	-0.279076037641679	0.0591088956371568	-0.0110515338412892	-0.0260822049450651	0.0465709465547123	-0.0781619889145298	-0.125023463570578	-0.0827170442032035	-0.125013245343947	0.098085774886864	-0.17955539019233	-0.0363231735719223	-0.214243159684816	-0.0868746594697656	-0.0417648563445289	0.071836251246934	0.0126231791601135	0.0671741025954069	-0.0564960352798212	0.0506583777383574	0.0824535783203271	-0.310421683338002	-0.257244840546156	0.106034056880215	-0.00311637087517421	0.0585330718209156	0.0541999967206639	0.225349933541628	-0.101685192916207	0.14660233638779	0.0407098524628966	-0.169698861249091	0.0970147961805003	0.00632291146538984	0.00213408315994451	0.00482597258434207	0.00506059169827108	0.0670843374775726	0.0105297489976813	0.04530399841386	0.00379926770770541	0.0305208135526767	-0.0194125097371922	0.0942806698734732	0.111634748640516	0.0733286107101197
"M14"	-0.0277916685733019	-0.017656571401069	-0.0225856494279946	-0.0309606222768486	0.376052559961302	-0.0359038903430079	-0.0318293463360665	-0.0351038478733871	-0.0302852106642819	-0.0119787572932555	-0.0239767590274569	-0.0283885166089755	-0.0301516561821436	-0.0364157124152254	-0.0377469882720861	-0.0312538136875041	-0.0306265428866944	-0.0241149676112133	-0.028840428123622	-0.0321429179544036	-0.00979074686817771	-0.0266649246495402	-0.0263858424150339	-0.0331082936726106	-0.0337655329706175	-0.0222417415331814	-0.0186093037176714	-0.0161177360956359	-0.0343926659143611	-0.0246166750545242	-0.0352743984118766	-0.0167972277105261	-0.0105175720902661	-0.0230544798255189	-0.0212546007711216	-0.0324963167628411	-0.030924158686869	-0.0320128062188442	-0.0278322333051916	-0.0259062637114705	-0.0220188261102118	-0.0327108237237135	-0.0341084713826677	-0.0175715146609896	-0.0199417862305428	-0.0290160761167966	-0.0324942774952622	-0.0280909499031224	-0.0327858640139518	-0.0352408380499221	-0.0306982227826659	-0.0336629526206062	-0.0267212279314746	-0.0185093785108477	-0.0368413729567805	-0.0285798350169221	-0.0308735841618656	-0.0236893509435044	0.39664626383985	-0.0270568202377773	-0.0210154187244398	-0.0196696581508279	-0.0356317926574872	0.0217633515930757	-0.0287219607607359	-0.0149716048474117	-0.0324834234840594	-0.0290496037709257	0.00342747710946248	-0.0241374245092863	-0.0299864759244639	0.371016406864885	0.0146302252464574	-0.0340843210189917	-0.0266346727919866	0.428513801139981	-0.016693444048785	-0.023443444691466	-0.0217656377614683	-0.0322116285645656	-0.0351868119159035	-0.0155085422607058	-0.0298205114083151	-0.0248529707621508	-0.0295468794918012	-0.0305048201623418	-0.0352148239877036	-0.0243582742911039	0.396123161472533	-0.0270656041675626	-0.00729953595120257	-0.03617137677065	-0.0165370800089666	-0.00921248765888528	-0.0269022393488925	-0.0168351651181339	-0.019091108216488	0.391996935058091	-0.0354318788638877
"M15"	0.0936942002388273	-0.161369309238422	0.10600694337863	-0.0977821490239053	0.16347134371516	-0.177519587882301	-0.0256280456377728	0.127368171788801	0.0756067627201093	0.124920009443734	-0.0988360091658217	-0.168321968901245	0.0406910985267037	0.106553596341956	0.100056599119638	-0.080815028119609	0.24258560306553	-0.058474461860715	-0.00487625192693224	0.0767876260130867	0.141608904131363	-0.00307954230615592	0.192494048833114	-0.0160472815146859	0.161585672424846	0.0809079148155086	-0.0127091448871393	-0.178119980830123	0.0740243913678714	-0.126572129010582	-0.147961859023075	0.00669805414612953	-0.00661542622628456	0.0297009091411603	-0.0896485644581683	0.103655399210193	-0.155111391395693	-0.047998211966797	-0.0319882394932272	0.0480041167015366	0.0537575406204827	0.0282229539162522	0.120001292321464	-0.185036070901975	0.141912773567593	-0.218097185923476	-0.0480705929663222	0.0210377714427357	-0.0923097565320878	-0.0644884500034395	0.0377854835942454	0.0426435925362279	-0.0685060342208762	-0.0299945816869992	-0.0710533255744556	0.011810226822977	0.0316190555196945	-0.0235853039441608	-0.083505994507888	-0.0622168804833151	-0.0574522818152529	0.0468485191179406	0.0643023596447118	0.11742833415755	-0.011588504778014	-0.0540423114140527	0.0517989761675684	-0.0852364740688322	0.0990058556940938	0.145707155023367	0.169945199830115	-0.00287477169517907	0.0702885152540202	0.136729165294829	-0.119732099823947	-0.0980939009602069	-0.00196042866703834	0.0441457108047204	0.0677211478847903	-0.156155622629544	-0.000664117289440258	-0.0179439158701057	0.0736975729317379	-0.10328273942653	0.137852041082412	0.184407612982136	-0.0170347007962426	-0.0208165424672316	-0.00105589584266029	-0.0301835655436559	-0.02621848563464	-0.141935987764472	-0.154635804986667	-0.0682972699967277	0.0414749247719236	0.00245896301631269	-0.160795034781131	0.034010831650664	-0.106695724909242
"M16"	-0.0199452898308193	0.118476190951739	-0.195329739809183	0.0193043838530028	-0.153472001881586	0.0363564094246523	0.0153896401170112	0.0258413587732975	0.122823812465588	0.107160849978059	0.0593130098734049	0.0443098950776651	-0.114546398502051	0.0429534026354329	-0.0486962008227636	-0.0291366804713361	-0.0876325546114072	-0.0476144609796498	0.104219306205226	-0.116252705152751	-0.0386775380120363	-0.0513478766991926	0.068373301275218	0.0944181162398591	0.0759839902937403	0.00234449468386917	-0.0668434222698706	0.156820218248123	0.0423931897622974	-0.0310002443103354	-0.0205018604328516	0.10438513436475	0.107568326592095	-0.0603181036973456	0.0460335030076184	0.0778418357702587	0.152436768638763	-0.108560415993231	-0.189513092259741	-0.1366308755106	-0.147229453202858	0.126124057330166	-0.144406005989422	0.178562274699415	0.0399662456182336	0.0161689213675502	-0.0871412679149603	-0.0882842111714899	0.125354944614549	-0.0481582871669055	-0.0564929125158183	-0.0450236773691783	-0.228413630217568	-0.115269422648426	-0.029115308792337	0.0166539288927164	0.0880661411550791	-0.0558841255422083	0.0257418051410954	-0.0770384532001508	-0.0856107634403609	-0.0702387666101577	0.0207582902197073	-0.152096707519214	0.00881199982424272	0.0445565896227983	0.198255086206398	-0.00234825363754285	-0.0746263260919768	-0.137979760986167	-0.0127414466741535	0.0613939870241035	-0.0886155789973655	-0.0976204236942718	-0.00813984575495239	-0.0608234305201776	-0.0752196129294988	-0.0042535543944194	0.0122429793119121	0.0502514382433132	0.102555096860424	-0.221758031026672	-0.146953776844901	0.0547230393505765	0.195333181895713	0.0764829837117473	0.0640765097359725	0.144466928198216	0.133797488621539	0.135390819325496	-0.0704207366164664	0.0982408090696227	-0.0818493544263785	0.184466588761692	0.117584816977991	-0.145479309637936	0.155969463818767	0.0405685772510584	0.0339397656989188
"M17"	0.0983826810278874	-0.257884260464732	0.160944114419242	-0.0979613070581937	0.026779491071263	-0.137465182237422	0.136483273206453	-0.0852861068214279	-0.0665413525337758	-0.0922265907292441	0.14316651562999	0.114751922779684	0.255010057245347	0.122460641037179	-0.0620928967615797	-0.071603415953177	0.0600267029443839	-0.0855864192164481	0.17339665559544	-0.00577723379330309	0.0439263547109828	0.133393604132305	0.115371910273192	0.0210568915750474	-0.0620309450015048	-0.0843752583722937	-0.0162603349327438	-0.0636677447777184	0.0523837082537836	0.144146144787906	0.040527302543061	-0.0216390924927594	-0.0269636087059871	-0.173429776117016	-0.0425633265442003	0.0724597516319642	0.0486244272651833	0.0683513254773672	0.00688561970794539	0.0187172270981168	-0.0400574809950488	-0.057775625183628	0.241833597646247	0.0334386981782425	0.110556828333276	0.0502581759677419	0.0953366772675388	0.0683475551137323	-0.12985464852372	-0.0622081622577535	0.0876504712660791	-0.0194633894096213	-0.206625076396214	0.00428139713994333	0.00085990081636849	-0.096770220487973	0.0701188764466678	-0.00231066384868519	-0.0794243636908666	-0.191660101849094	-0.00908271213411879	0.0718392520743936	-0.0547784506645149	-0.071031698956392	-0.0851751285162615	-0.0146473300116613	-0.0763431626852146	-0.0337011932059313	0.105945906251913	-0.0540399684729827	-0.060692614662651	-0.16021327170471	0.143935305230356	0.00176806673266321	-0.0151905737781422	-0.0733543698079029	0.055207928794853	-0.110914126469538	0.140788591685614	-0.0345576987446253	0.0253153201343261	0.00348027422831942	-0.0199229026024986	0.0933980823211755	-0.0183671216220477	0.150678299731404	-0.10427563997803	0.119709383626142	-0.0747224163756769	-0.0806740175786477	-0.131034099406665	-0.0990548746187815	0.0473707012282653	-0.102704034933288	0.172655968392497	0.0789553794493977	-0.144564879614802	0.0734009099529857	-0.135830998722652
"M2"	0.0346690142497474	0.137414785888008	-0.107392828651432	-0.0757634371526113	-0.096028189494622	-0.123800102793681	-0.059092000747204	-0.145625621110592	-0.154202420554211	-0.131436622140805	-0.168951759707908	-0.173727450500734	-0.128991227260486	-0.157347719419528	-0.160396045751607	-0.174737132313204	-0.146114991815666	-0.128949435334548	-0.105497753949854	-0.151178909748457	-0.130159159053334	-0.131859878259542	-0.162435438860419	-0.122571745656867	-0.146606876252707	-0.154717447411404	-0.0742174888368792	-0.13832168341639	-0.0811002591745857	-0.0233095547674088	0.0103534168199944	0.074378175246573	0.124019442000328	0.0825573263835404	0.151543134870912	0.0109601305179862	-0.000701201693053872	-0.0446350125843154	-0.0337389073718018	0.127499199807094	0.146752486161901	0.0752031590604683	0.025817499468798	0.0379939459748944	0.0427326408280082	0.135037434466228	0.00121352026958842	-0.0131326601491139	0.0784073552319636	0.107056240255051	0.0191510089007445	0.0578078909591402	0.127472540199736	0.192862658997781	-0.0612253807885952	-0.0124668586957364	0.026466142019731	-0.03405244113365	0.0252086254528358	0.144789481188593	0.0654842745642531	0.108689486677893	0.0413368309274962	0.0912362924373964	0.00878826157978087	0.104769969609968	0.00784878491385335	0.0610477228876934	0.131756394705794	-0.117377904594592	0.0447656504319662	0.124372068430071	0.0559910966184559	-0.037452430410897	0.20567195850931	0.192408236844765	-0.072015588962659	-0.0634189760364511	0.014413075915783	0.0663618872133793	-0.0512443257753504	0.0693216704153779	0.0782046489448369	-0.0319561453078301	-0.0844022700527853	0.0265856245030325	0.0510510166419118	0.0284123860226882	0.00921805011884751	0.0988327283091156	0.110900594155793	0.133592296093712	0.0928985189751743	0.0377406763877877	0.0187832245818442	0.0439103964145675	0.0275184130374206	0.0531610973683433	0.00991269423556319
"M3"	0.00460633381515469	0.0726479302081977	0.0667012468592479	-0.138113614322154	-0.066125113408627	-0.124718474866245	0.0557885672716183	-0.0367528814487915	-0.12239192849474	-0.20973620408049	-0.0822667489139526	-0.089700744437387	-0.0365429177676668	-0.19589514261472	-0.00928816719531188	-0.00479139062727742	-0.126283505437633	0.0277923465305595	-0.122623463593023	0.0212114691870072	0.0397333431775214	-0.0984957208344967	-0.105869030140329	-0.0239124025167415	-0.056637274120676	0.0524775316538255	-0.153886759194262	-0.0301098068674553	-0.0442976952462279	0.0337898929434702	0.143762398494563	0.157946612170446	0.136220114644855	0.0164950390048653	-0.0180127755582225	-0.0635843294521106	-0.0752341318894392	-0.0595657485383942	-0.0409129027481712	-0.0488617092886301	0.0921479474523625	0.20163747186997	0.0507343413240659	0.0471696618366194	-0.0868757362782502	-0.00850064558536112	0.132859131046727	-0.144096783641319	0.238471658895537	0.189782706213603	0.0397667996058761	-0.0665412786465784	0.282081601708077	0.0878118858695179	0.0067274405398038	0.0409790726921112	-0.00873018166886925	0.137667551581023	-0.0336537854203122	0.0478712512744776	-0.120464001338502	-0.00588555787418135	-0.0215504851393288	0.0422216484264739	-0.135276767082824	-0.0373829817291649	0.145000555015093	0.0711597222124322	-0.0614975795483356	0.0376793419349298	0.0329363765145754	0.0120386414657561	-0.162010071664162	-0.0790682788860335	0.0772741099042231	-0.0565156608135899	-0.116019671037708	-0.0358835220022957	0.164288554863467	0.0751172722556435	0.10922685143619	0.142377415528783	0.0339945872746123	-0.200686105259512	0.086158723349217	0.0191644902399379	0.0524526249837728	0.0109913769610827	0.0301036866709928	0.00331581757169753	-0.0752366361002715	0.0966155606973836	-0.164187878248751	-0.0622272551557758	-0.0795237987776218	0.111217574428067	0.197118448356018	-0.063374129000081	0.0344646465405525
"M4"	-0.0123516273936207	-0.022763024749099	0.0570677434615566	0.0387710930528129	-0.211404614763144	0.0212552167415377	0.109839882347892	0.0428340642779946	0.0948344641639898	-0.115020718881526	0.0683032898026853	0.0466988159579218	0.0380441658434199	-0.141804167989539	0.0988983688520811	0.087641195127966	-0.07647020017549	-0.0313336168535868	-0.0596336387705946	0.0705659532685802	-0.0244287022414439	-0.026999971142301	0.109047693804354	-0.0132994522912139	0.0620740631561687	0.0679946608160597	-0.0194699895738334	0.142462320107004	-0.0293249397265846	0.0128282569884385	0.0649366797600924	-0.0523814351020181	-0.103570404235582	0.0380307674861495	0.176134443964416	0.0815558139277559	0.0379453571246751	0.00522421764194005	0.0175693223149158	-0.113766042200085	-0.134793307627859	0.0491032176954414	0.0305745554633582	0.0491205856929705	0.0268274690413789	-0.218573304842968	0.146235576559699	-0.205943625387976	0.0908051677571542	0.0899454157312087	0.0948734821102448	0.0468018220779042	-0.145864518809556	-0.17806423061239	-0.119491012223074	-0.0695517156680721	-0.0446955581375885	0.124634748186301	0.152841982749813	0.0172569565932895	-0.0270167035916982	-0.133959617145068	0.184356634343692	-0.0272233260504819	0.00715253421532747	-0.153028238168963	0.0967875013338869	-0.0501285544101035	0.0631898119604908	-0.0101388790095197	0.0926500507360883	-0.103970895794849	-0.050801503373736	0.0504572105056545	-0.0371395268017963	-0.260729187692259	-0.0244799556644816	0.132896608806076	0.0627178726130287	0.0378831516077913	-0.00485460938869187	-0.195891821848848	-0.00631418797726746	-0.227296479514076	0.22038801110105	0.149641668104831	0.0818862733428709	0.0881716107874599	0.0451654096477488	-0.111576345211549	-0.0115045503611085	-0.150460146019415	-0.0284294171416278	-0.113788385695771	-0.0541519889105098	-0.00354323844700692	0.064400818477066	-0.0470281716923692	0.11713155207811
"M5"	0.215629311416037	0.343716493092276	-0.10496140516055	0.0323892555489996	0.0890980861973512	0.101206464762793	-0.106504470947289	-0.0944809899155546	-0.0929215353489115	0.0421904810444752	-0.0174095178564785	-0.000290823317726988	0.162689798638803	0.122662315839011	0.00153753726097061	-0.0144569409078695	0.0361037996289281	0.0560742308951299	0.109156077880977	-0.118064337307672	0.00643117697181917	-0.10317022897722	-0.107133073574093	-0.127694092152154	-0.0458302736874102	0.0572028095690731	-0.0256245139703882	-0.073752845705343	-0.0555507725214371	0.00681735142449929	0.0174001720017136	0.11155298432492	0.127656620823478	0.088443943134086	0.0608077103816395	-0.0233221460971119	-0.0586536367287864	-0.0776603335355905	0.0239697556057343	-0.0902116010756963	0.0158038203704214	-0.252052118581143	-0.131408510927903	-0.133227551149797	0.0477946689494817	0.109081343542373	-0.0078705486860852	0.0134721971600719	0.00547326695362498	0.0285040409941499	0.0430386434093307	0.061896458974474	0.167278195473073	0.116537194702739	0.0230572621571854	0.0739425417263593	-0.0488328759600198	-0.114741965034455	0.0807159994944916	-0.0136191665680659	-0.117055713504541	-0.0853188130379997	0.040708742354629	0.0816281866331703	0.101617938088188	0.0403050391596526	-0.246371736127693	0.049461287083381	0.0822540642758271	-0.0699332243482308	0.0131283513507765	0.0794936916740827	0.0955492564387702	0.043796018925365	0.143452752976933	0.100770228866733	0.0606884375582751	-0.0272335354022664	0.0942532623599442	-0.007064591909122	-0.0721030647957957	0.0780283761031064	-0.0313322287671508	-0.210788478262958	-0.16508164053504	-0.179487429883408	-0.19270193957543	-0.149867615585179	-0.0836721875143014	-0.0308756305043889	0.0214231470232084	-0.0747694497063519	0.0638467298200625	-0.0878984545884663	0.0167061532048434	0.0545629358487013	-0.0293983075395471	0.109212731929395	-0.0698190247429129
"M6"	0.065439793865936	-0.00416310013404675	-0.0254531435980881	-0.0258499712116873	0.0515707000382917	-0.0926170943392435	0.106027948462528	0.10591216131212	0.0449383387963339	-0.0646238480494347	0.126265319605017	0.0632648605993838	0.127735428714535	-0.0550992250527659	-0.00906590186733087	0.0430159662489712	0.00940854061701726	-0.255669068157594	0.278015968515623	0.0104383426727018	0.0149015079410735	-0.0103811066607103	-0.00302813446164916	0.149106560730993	-0.013146578487271	-0.104924844559444	-0.0854060686343924	0.00109748823119017	-0.0509368551307377	0.20539637613323	0.0498553684191496	0.130385404877594	-0.0346173126737788	0.0318333215536791	-0.214448579677879	0.0180381961912553	0.0552944426410022	-0.080482990804773	0.0960732949696978	-0.031973069005014	-0.231937330015649	-0.0261054759453924	0.0499804757554241	0.0268330311103374	0.0942928462989702	0.109144845753883	-0.00483892543220445	-0.123494420187201	0.152173424743885	-0.0323133062350384	0.0768478098002269	-0.147876048301835	-0.0847059257469384	0.0295752961958051	-0.019227058250746	-0.0459093659773561	-0.0324526632880481	0.11383068914695	-0.0650159977461267	-0.235677531942785	0.0326505884055766	0.0835902002490915	-0.119707978506902	-0.124905678695598	-0.0296127538835319	0.190121061116477	0.0693788778624946	0.206680993856966	-0.0554811924754951	0.140498876618698	-0.0706988751097347	-0.11997478467452	-0.0262589305420152	-0.0611225407896002	-0.00695698406051635	-0.00932233786454962	0.0409077899131959	-0.220342465211211	-0.0963390091546537	-0.0546890408054917	-0.0351473626783477	0.122968304992783	-0.0857947230710827	0.1475596340833	0.0449902195413013	-0.112161710867962	-0.0136522593344692	-0.0203653644861188	0.00570869185629831	-0.0608557275910048	0.0299669757430753	0.118926119023036	-0.172731874432874	-0.0955133913424182	0.0115944529396236	0.0530742199610405	0.0218739719208624	-0.054506951712292	0.100398150838924
"M7"	-0.0570876346580969	-0.0404841351924141	-0.0102098384417071	0.0665665776715707	-0.226932132075171	0.0797245277416606	0.0810825739163728	0.0322713153682086	0.15088035042116	0.0426574177309516	0.095039182872141	0.0189554761943604	-0.0974541370218575	-0.150974618040874	0.0388387746545179	0.0535063487174189	-0.0720059377066232	-0.244417305720605	0.0529629782905222	-0.0163415624502172	-0.317879352489875	-0.0192197606025675	0.164646153378274	0.0564991587499779	0.118267232248212	-0.0565001413771454	-0.0198930601088282	0.132218331592647	0.0270548166511602	0.0861315228005218	0.0173814651375305	0.0400034784985249	-0.297435250225474	-0.0495096898529224	0.104307207395567	0.0860497960438312	0.18136801742064	-0.144186586854019	-0.0782360085029065	-0.00797946782490485	-0.0491349872750641	0.0863891028097943	-0.048681181989419	0.0595771726107444	0.115104026474869	0.005181593528833	0.0649368764868064	0.0201880245738188	-0.00305340153252677	-0.124578983468519	0.0126940884328518	0.0244359142387969	-0.109939938695686	-0.100159354939503	-0.0726313209993946	-0.058411703877862	-0.0817248196245215	-0.0769888212792835	0.0376475478761256	-0.128685366732735	-0.0447292086568058	-0.033260085979544	0.0940830827332486	-0.0901433053388305	0.0622429908636335	-0.00557516833534427	0.176600452558021	0.0262838609419999	-0.00379331431890612	-0.0790126872784168	0.0443212283303257	-0.303317361259129	0.0103930592579197	-0.0331943054989202	-0.0639851350270084	-0.0127034822382102	-0.0215669626077213	0.0468876019848234	0.0458327643205158	-0.024176902559945	0.18889544788353	-0.115303751606928	-0.0256357933899608	0.0807644506013016	0.158567601027469	0.0900032833178432	0.116548772779322	0.117950909728104	0.0709638816334861	0.13640335829068	-0.0695805723017025	-0.0121085594744769	-0.0196208542729862	0.0139774753298841	0.103313865219556	-0.038124577055407	0.055851770646062	-0.00599046725510686	-0.0298939139600657
"M8"	-0.0476648154638033	0.155345738052295	-0.0371091236232917	-0.0852266072486093	-0.0412253150767001	-0.103039191680768	0.0622493707085556	-0.106165911317495	-0.107515196997643	-0.0621837722249922	-0.0968132254318067	-0.117623089299075	-0.0885910269575614	-0.165911892327918	-0.0802944880639581	-0.0954358092142003	-0.129947562913802	-0.0129127096791911	-0.120880669094564	-0.0683809672050926	-0.0602072566874922	-0.13586211072528	-0.148437734884498	-0.0435238803332663	-0.0845201098731167	-0.0895303676895898	-0.150074456991764	-0.0244021990486133	-0.0766971741203961	-0.0124661428543844	0.147103060777017	0.235737910904865	0.102622865628077	0.140025040823924	0.0169262280334033	-0.0828918850881713	0.0153261084657406	-0.122083722056988	-0.0841219858732715	-0.101988339339276	0.0405889777525208	0.169919010517894	0.0433201405186507	0.0449728558560455	-0.0758908874869578	0.0792559052440904	0.222114480095465	-0.0690708938929865	0.159481315743513	0.110857808233822	0.0202475826627112	-0.0908184573933637	0.221901505385477	-0.007093729553531	-0.0682063233928334	0.0164881727172161	-0.0388028360638839	0.175316495818627	0.0660375767976699	0.11176925700439	-0.0202194816330156	-0.0132692179102242	-0.0483754372155108	-0.058140938619948	-0.03908700566079	0.0363721696912021	0.17455989265376	0.0911083485389361	0.015933520287422	-0.0325369310469835	-0.0212865206068435	6.79775531312672e-05	-0.0371622907568968	-0.0776238530857895	0.0592161262082066	-0.026473934986322	-0.119409802685312	-0.13447469063864	0.0807743382122077	0.0621475721820938	0.185338983942191	0.0559584130090391	-0.0167422883834563	-0.0947434451703384	0.0728405228820797	0.00975043308679445	0.0273588110527399	0.0726378659094049	-0.0436937377077632	0.101324937279241	0.0897399159307571	0.160490105089068	-0.147286091826957	-0.0435192083703015	0.014902719921315	0.0913759900485153	0.235151497421485	-0.0480271393848543	0.161026334218522
"M9"	0.195464654052908	-0.0359908958418439	0.085215647931635	-0.054333522351186	0.265489293198807	-0.0595354182519401	-0.148065115988427	-0.0911021698870009	-0.0963077672814611	-0.00423698600957542	-0.0854139520883605	0.036060392009438	-0.0187557915625507	0.100137384664217	0.00414078126452741	-0.0448491842976065	0.0638524461124681	0.143455458600502	-0.0935641596858945	-0.033582074640536	0.166619619755799	-0.0334100685888487	-0.0887614703349391	-0.14799120135621	0.0208261993480509	0.115914059538017	0.00574927795838884	-0.0167040769901188	-0.022210132680603	-0.0663353146294289	0.0123874513654001	0.130689002555553	0.0355789312400509	0.0379900641762125	0.0958019274089446	-0.0900781203029818	-0.118755418287746	-0.080175860300952	0.014706220368465	0.095794924083899	0.0455091877129433	-0.208340379580808	0.0844455409083223	-0.221122506943107	-0.0117909802188608	-0.0594329354033067	-0.0097306054634417	0.00356907097591482	-0.0579946526109459	-0.0222656549859252	-0.0249556284176154	0.0735656212459009	0.179255405302964	-0.0449761449352846	0.0803257490941935	0.0494338898384048	0.0438900565413279	-0.127287270657396	0.0532538860357644	0.0816610017101983	0.0716151260938548	0.0392512890625167	0.0723746900770707	0.204215577439413	0.017391642061561	0.0767476113352716	-0.133747818766791	-0.0364776599906394	0.00161681486545398	0.0303351903750156	0.0622831659243213	0.21825870632221	-0.0126774270112565	0.0564043328690291	0.120218114080652	0.125863810722215	-0.0247592534026996	-0.0328564194557347	0.0714380508094624	0.0626075322800217	-0.100520188646755	0.218007479102633	0.0529223629976136	-0.0950740084462556	-0.11357445637172	-0.163953801782371	-0.17619277367787	-0.1289758837353	-0.0197588115349552	-0.198253957825065	-0.0200052396596559	-0.123957102462406	0.076491112713532	-0.0762101933652092	-0.037056834370407	0.0949539517869139	-0.167959496350874	-0.00433824884462054	-0.109374669642491
"Not.Correlated"	-0.00459578460462602	-0.0960929002332601	-0.0599650500926111	-0.0845017021958617	-0.0929858812415609	0.14629948750621	-0.0786871462818377	0.137048297650306	-0.0829179889401205	-0.0384998639863242	-0.0404016174956232	-0.0622728395223108	0.00766726861155225	-0.124039451229333	-0.105048368701673	-0.0814585328666657	-0.0644250525690082	-0.0938934150456885	0.0256880160938842	0.0208730674984068	0.04221313362103	-0.0300796162619219	0.0462186043662366	-0.0306104225969571	-0.0802088677660449	-0.115611062978129	-0.00622333240738178	0.0489874707707044	-0.0726103890618919	0.122326466050959	-0.107239019685237	-0.131607892028988	-0.0486303137003914	-0.040620287072866	-0.0651180463561082	0.0895757709081197	0.115550086197259	0.121369745746256	-0.0944704520831768	0.0127705391792311	0.124929547791661	0.136578764667368	-0.111389223506935	-0.0807450084991504	-0.130794168608167	-0.0828427830801709	-0.0898758510404877	0.13164600527667	0.0632389003575263	-0.108015447876695	-0.0896386968257419	-0.0877739854292052	-0.0740204485025045	0.0254466236083368	0.179300753408759	-0.0703122853676011	0.0689242880260147	-0.0328210669209699	-0.0679810251665696	-0.102683212834775	0.112566905238727	-0.0559015304159613	0.133986673373812	0.197616021704324	-0.0883264496425055	0.164166355794566	0.0744170912055103	0.0636510213599526	0.135115076599575	0.0989705963400925	0.176717197884165	0.305994733058448	0.15777013941649	0.121487626507633	-0.0738296389774312	-0.0887636954322408	-0.0645895830513147	0.186750944413706	-0.0833402113405351	-0.0693689597334296	0.039108173882629	-0.0870325245554982	-0.0710998722131177	-0.0697422377134401	-0.0748211611397698	0.0905324434647565	-0.0909877251855599	-0.0508793039426679	0.146236442432817	-0.115875741716294	0.0997115634111177	-0.0607883099163691	-0.100261770928556	0.1477791033813	-0.0475546824491507	0.102191384442513	0.132535627930258	-0.0591794395021363	0.0600933793416659
